frame_index,time_min,bacteria_count,total_bacteria_area_px,mean_bacteria_area_px,tracks_active,mean_speed_um_per_min
0,0.0,34,25371,746.2058823529412,34,
1,1.0,34,25371,746.2058823529412,34,0.0
2,2.0,34,25371,746.2058823529412,34,0.0
3,3.0,8,2101,262.625,8,5.132668019935807
4,4.0,9,1978,219.77777777777777,9,6.005120214253095
5,5.0,8,2042,255.25,8,5.278843444538959
6,6.0,7,2054,293.42857142857144,7,3.1584946590249765
7,7.0,7,1827,261.0,7,2.412527156948527
8,8.0,7,1829,261.2857142857143,7,0.017381652927946918
9,9.0,7,1963,280.42857142857144,7,1.8882649771069893
10,10.0,7,1814,259.14285714285717,7,3.320010277542363
11,11.0,7,1696,242.28571428571428,7,1.6877517902790438
12,12.0,6,1846,307.6666666666667,6,1.6667323004625931
13,13.0,6,1755,292.5,6,1.634881517950752
14,14.0,6,1757,292.8333333333333,6,0.011299375084586026
15,15.0,6,1785,297.5,6,3.3610039801665788
16,16.0,6,1760,293.3333333333333,6,2.834556964677477
17,17.0,6,1770,295.0,6,3.007936054272326
18,18.0,7,1806,258.0,7,2.2273819640429267
19,19.0,8,1758,219.75,8,4.22980989745516
20,20.0,8,1758,219.75,8,0.0
21,21.0,8,1813,226.625,8,4.529429092394085
22,22.0,8,1874,234.25,8,4.4047676749283395
23,23.0,7,1908,272.57142857142856,7,3.7250034597313055
24,24.0,7,1898,271.14285714285717,7,3.0370425446646676
25,25.0,6,1876,312.6666666666667,6,1.1074052235919858
26,26.0,6,1877,312.8333333333333,6,0.01862259782360722
27,27.0,5,1890,378.0,5,1.602172322201404
28,28.0,6,1819,303.1666666666667,6,2.2513334728847214
29,29.0,6,1814,302.3333333333333,6,1.7680006243968769
30,30.0,6,1925,320.8333333333333,6,2.0076961612788087
31,31.0,7,1722,246.0,7,3.9391999253144383
32,32.0,7,1717,245.28571428571428,7,0.009145344858210771
33,33.0,7,1598,228.28571428571428,7,2.051357417240735
34,34.0,6,1534,255.66666666666666,6,1.3061995849592256
35,35.0,7,1558,222.57142857142858,7,0.2814264196016034
36,36.0,7,1554,222.0,7,2.5976741653376245
37,37.0,7,1503,214.71428571428572,7,3.136572230970262
38,38.0,7,1502,214.57142857142858,7,0.07505364427661883
39,39.0,7,1502,214.57142857142858,7,2.9005779040696873
40,40.0,5,1505,301.0,5,1.1440143520436945
41,41.0,5,1523,304.6,5,0.8908696593580497
42,42.0,5,1533,306.6,5,0.8376298774956066
43,43.0,7,1541,220.14285714285714,7,0.6402455528623706
44,44.0,7,1537,219.57142857142858,7,0.046420419430355006
45,45.0,7,1645,235.0,7,2.6614672204691194
46,46.0,7,1667,238.14285714285714,7,2.7484931467519087
47,47.0,6,1704,284.0,6,4.644723171829639
48,48.0,7,1649,235.57142857142858,7,4.118319105677397
49,49.0,7,1618,231.14285714285714,7,3.9963753995257725
50,50.0,7,1623,231.85714285714286,7,0.03866953243947276
51,51.0,7,1675,239.28571428571428,7,4.287431677779547
52,52.0,6,1722,287.0,6,3.2715850521528655
53,53.0,6,1659,276.5,6,2.55915711982667
54,54.0,6,1662,277.0,6,2.6092382037472857
55,55.0,6,1615,269.1666666666667,6,2.5268247006864457
56,56.0,6,1615,269.1666666666667,6,0.0
57,57.0,5,1645,329.0,5,1.04462004299721
58,58.0,8,1548,193.5,8,2.1451519223237607
59,59.0,8,1548,193.5,8,4.1698933836719725
60,60.0,8,1580,197.5,8,3.9861511723936016
61,61.0,8,1625,203.125,8,3.91332335474183
62,62.0,8,1625,203.125,8,0.0033026805617035098
63,63.0,7,1644,234.85714285714286,7,2.900725311174493
64,64.0,8,1690,211.25,8,2.8753539552199947
65,65.0,8,1769,221.125,8,3.295153208592029
66,66.0,9,1731,192.33333333333334,9,3.486421417279109
67,67.0,8,1694,211.75,8,3.294561324602328
68,68.0,8,1692,211.5,8,0.006946525504881411
69,69.0,9,1647,183.0,9,3.7051282430160466
70,70.0,9,1670,185.55555555555554,9,5.387334863193089
71,71.0,8,1775,221.875,8,4.074409266936208
72,72.0,8,1803,225.375,8,3.335226956026709
73,73.0,8,1864,233.0,8,4.106421875828489
74,74.0,8,1864,233.0,8,0.0
75,75.0,8,1841,230.125,8,3.7362814053077344
76,76.0,7,1922,274.57142857142856,7,2.1987094009765187
77,77.0,7,1898,271.14285714285717,7,2.67547857254396
78,78.0,7,1837,262.42857142857144,7,3.3656443823719804
79,79.0,7,1920,274.2857142857143,7,3.1511659796583964
80,80.0,7,1922,274.57142857142856,7,0.012939763390214526
81,81.0,8,1822,227.75,8,3.052713955924599
82,82.0,8,1798,224.75,8,3.995304122385698
83,83.0,8,1731,216.375,8,3.368389002351757
84,84.0,9,1714,190.44444444444446,9,3.6382660918754564
85,85.0,9,1724,191.55555555555554,9,3.98028977573802
86,86.0,9,1728,192.0,9,0.02651716561160171
87,87.0,8,1639,204.875,8,2.9629035154744336
88,88.0,8,1639,204.875,8,2.8929258106682214
89,89.0,8,1684,210.5,8,3.0934946694312844
90,90.0,8,1659,207.375,8,3.4677946606341585
91,91.0,8,1619,202.375,8,2.5555239622741333
92,92.0,8,1617,202.125,8,0.01398573477916418
93,93.0,8,1653,206.625,8,3.1276647298389113
94,94.0,9,1685,187.22222222222223,9,2.977302734945431
95,95.0,9,1694,188.22222222222223,9,3.6384838386533866
96,96.0,9,1708,189.77777777777777,9,2.4328135549138032
97,97.0,8,1696,212.0,8,2.7935866745621385
98,98.0,8,1694,211.75,8,0.026079591453451824
99,99.0,8,1676,209.5,8,4.109658509534648
100,100.0,8,1645,205.625,8,3.2667392484631805
101,101.0,9,1705,189.44444444444446,9,3.381976099651388
102,102.0,9,1693,188.11111111111111,9,3.9390238788912466
103,103.0,9,1686,187.33333333333334,9,3.866383457885876
104,104.0,9,1686,187.33333333333334,9,0.0
105,105.0,9,1643,182.55555555555554,9,3.7603267439411434
106,106.0,9,1679,186.55555555555554,9,3.717062724655749
107,107.0,9,1697,188.55555555555554,9,3.7668189182008356
108,108.0,8,1685,210.625,8,3.29190585499711
109,109.0,8,1697,212.125,8,3.157215696297306
110,110.0,8,1695,211.875,8,0.027482181725842453
111,111.0,9,1733,192.55555555555554,9,2.772694284310796
112,112.0,9,1761,195.66666666666666,9,2.2274090747842568
113,113.0,9,1720,191.11111111111111,9,3.739901739743376
114,114.0,9,1722,191.33333333333334,9,3.906068376211941
115,115.0,9,1688,187.55555555555554,9,3.0423802941274314
116,116.0,9,1689,187.66666666666666,9,0.08189969929940528
117,117.0,9,1743,193.66666666666666,9,4.145550152270295
118,118.0,9,1730,192.22222222222223,9,5.3351809740431655
119,119.0,9,1883,209.22222222222223,9,3.377959230046269
120,120.0,10,1849,184.9,10,5.214233124540178
121,121.0,9,1840,204.44444444444446,9,5.533471247897448
122,122.0,9,1840,204.44444444444446,9,0.0
123,123.0,9,1865,207.22222222222223,9,5.560221874878941
124,124.0,9,1763,195.88888888888889,9,4.498044636569023
125,125.0,9,1737,193.0,9,3.7275330660733967
126,126.0,9,1714,190.44444444444446,9,4.866723613713283
127,127.0,9,1750,194.44444444444446,9,4.878285594872231
128,128.0,9,1749,194.33333333333334,9,0.04479655245419979
129,129.0,9,1666,185.11111111111111,9,4.98305733637505
130,130.0,9,1684,187.11111111111111,9,3.740053695309068
131,131.0,9,1783,198.11111111111111,9,4.336746967954012
132,132.0,9,1762,195.77777777777777,9,5.18663681704028
133,133.0,9,1817,201.88888888888889,9,4.294000231782345
134,134.0,9,1817,201.88888888888889,9,0.0
135,135.0,8,1737,217.125,8,3.6115673057463265
136,136.0,8,1882,235.25,8,4.098001231179057
137,137.0,8,1934,241.75,8,4.701716243319845
138,138.0,9,1783,198.11111111111111,9,3.7852244985164223
139,139.0,9,1709,189.88888888888889,9,5.244136417442692
140,140.0,10,1714,171.4,10,0.007927335649187269
141,141.0,9,1661,184.55555555555554,9,6.207421007696322
142,142.0,10,1690,169.0,10,5.154140071860629
143,143.0,10,1737,173.7,10,4.530238166969518
144,144.0,9,1769,196.55555555555554,9,4.095196507326747
145,145.0,10,1761,176.1,10,4.79249341564726
146,146.0,10,1758,175.8,10,0.031804977007921426
147,147.0,9,1736,192.88888888888889,9,3.5429991728878543
148,148.0,9,1718,190.88888888888889,9,4.142102803908924
149,149.0,8,1708,213.5,8,3.747984594290619
150,150.0,8,1736,217.0,8,3.775924553861999
151,151.0,9,1750,194.44444444444446,9,4.118008152243741
152,152.0,9,1752,194.66666666666666,9,0.03285898540419279
153,153.0,7,1663,237.57142857142858,7,3.100954303506373
154,154.0,7,1682,240.28571428571428,7,3.602186308342463
155,155.0,10,1746,174.6,10,4.140842180257671
156,156.0,10,1715,171.5,10,5.856182702807197
157,157.0,9,1798,199.77777777777777,9,5.842810927467314
158,158.0,9,1797,199.66666666666666,9,0.0037670245075590273
159,159.0,8,1745,218.125,8,3.55561315553524
160,160.0,9,1726,191.77777777777777,9,4.377826535586479
161,161.0,9,1751,194.55555555555554,9,3.7401084791760906
162,162.0,9,1823,202.55555555555554,9,4.0491021129744045
163,163.0,9,1648,183.11111111111111,9,4.4070411943078645
164,164.0,9,1649,183.22222222222223,9,0.012911792185017599
165,165.0,10,1621,162.1,10,4.151892867758332
166,166.0,8,1630,203.75,8,3.8874446998971903
167,167.0,8,1615,201.875,8,4.596193145132717
168,168.0,9,1640,182.22222222222223,9,4.503666014248535
169,169.0,8,1638,204.75,8,3.960998703823078
170,170.0,8,1637,204.625,8,0.007003570158885125
171,171.0,8,1598,199.75,8,4.312847825809556
172,172.0,8,1620,202.5,8,4.5477630213112334
173,173.0,8,1535,191.875,8,4.315047700832059
174,174.0,8,1601,200.125,8,4.472677988801796
175,175.0,8,1574,196.75,8,3.7668683934159404
176,176.0,8,1572,196.5,8,0.01976795995514711
177,177.0,8,1602,200.25,8,5.111852181851401
178,178.0,8,1633,204.125,8,4.530316579308075
179,179.0,8,1610,201.25,8,5.423450792635117
180,180.0,8,1632,204.0,8,4.292709411156531
181,181.0,8,1607,200.875,8,5.322516993871479
182,182.0,8,1607,200.875,8,0.004312860377349392
183,183.0,7,1627,232.42857142857142,7,3.3815573738457307
184,184.0,7,1600,228.57142857142858,7,3.564665988977937
185,185.0,7,1574,224.85714285714286,7,3.7315394286716077
186,186.0,8,1659,207.375,8,3.4749284179432096
187,187.0,7,1736,248.0,7,3.9833986191895696
188,188.0,7,1736,248.0,7,0.0
189,189.0,7,1792,256.0,7,2.6423228755689823
190,190.0,8,1841,230.125,8,3.646792422746589
191,191.0,7,1863,266.14285714285717,7,3.6364583590815736
192,192.0,7,2021,288.7142857142857,7,3.9029518520232895
193,193.0,7,2130,304.2857142857143,7,4.350452076922685
194,194.0,7,2134,304.85714285714283,7,0.013028439727974616
195,195.0,8,1999,249.875,8,4.454866872463676
196,196.0,7,2000,285.7142857142857,7,4.612588948137349
197,197.0,6,2060,343.3333333333333,6,3.3456927598538933
198,198.0,7,2099,299.85714285714283,7,3.0123259790698023
199,199.0,7,1952,278.85714285714283,7,3.1142622033529723
200,200.0,7,1954,279.14285714285717,7,0.0188557596862334
201,201.0,8,1962,245.25,8,3.924529450353872
202,202.0,9,1885,209.44444444444446,9,4.539416568860198
203,203.0,8,1912,239.0,8,2.3176790185895193
204,204.0,8,1948,243.5,8,2.1639957407473682
205,205.0,8,1948,243.5,8,2.412643959416806
206,206.0,8,1919,239.875,8,2.4734315666756377
207,207.0,8,1918,239.75,8,0.014759112011796778
208,208.0,9,1881,209.0,9,2.062982973269782
209,209.0,8,1870,233.75,8,2.0743084432010894
210,210.0,9,1868,207.55555555555554,9,2.0006091314250294
211,211.0,10,1799,179.9,10,1.8177155532239935
212,212.0,10,1766,176.6,10,3.5654223305131674
213,213.0,10,1768,176.8,10,0.02855750922711332
214,214.0,10,1837,183.7,10,2.6066258295590075
215,215.0,10,1840,184.0,10,2.5919257559396045
216,216.0,10,1829,182.9,10,3.212075304808619
217,217.0,10,1818,181.8,10,3.3874090244577495
218,218.0,10,1866,186.6,10,3.472936578467368
219,219.0,10,1867,186.7,10,0.005486354678216555
220,220.0,8,1838,229.75,8,4.784270160428147
221,221.0,9,1916,212.88888888888889,9,2.776575399188847
222,222.0,9,1984,220.44444444444446,9,3.163411160410397
223,223.0,8,1995,249.375,8,4.799289532286354
224,224.0,9,2024,224.88888888888889,9,3.194659331420498
225,225.0,9,2025,225.0,9,0.0034951083901664662
226,226.0,9,1975,219.44444444444446,9,3.3928941824713825
227,227.0,8,2004,250.5,8,4.918537886516482
228,228.0,10,2006,200.6,10,4.12658155576415
229,229.0,9,2007,223.0,9,3.1091031802657687
230,230.0,9,1858,206.44444444444446,9,2.24578030933763
231,231.0,9,1855,206.11111111111111,9,0.01596812835110866
232,232.0,8,1846,230.75,8,1.6115740206376346
233,233.0,8,1912,239.0,8,1.2223993410231375
234,234.0,9,1877,208.55555555555554,9,1.965797411600088
235,235.0,9,1914,212.66666666666666,9,2.7038043993566316
236,236.0,9,1917,213.0,9,2.7804285390904004
237,237.0,9,1917,213.0,9,0.01570977766212056
238,238.0,8,1961,245.125,8,0.7326825430661638
239,239.0,8,2007,250.875,8,1.1269031626054116
240,240.0,8,1906,238.25,8,0.6642336177520871
241,241.0,9,1939,215.44444444444446,9,2.380209761367671
242,242.0,9,1831,203.44444444444446,9,3.2151903815905443
243,243.0,9,1832,203.55555555555554,9,0.041833910736805854
244,244.0,9,1873,208.11111111111111,9,3.267334784734195
245,245.0,11,1811,164.63636363636363,11,1.732036869638308
246,246.0,8,1847,230.875,8,2.4284407091739197
247,247.0,8,1956,244.5,8,2.258965214147193
248,248.0,7,1940,277.14285714285717,7,4.219348182966035
249,249.0,7,1941,277.2857142857143,7,0.015587528371094828
250,250.0,8,1843,230.375,8,1.6348193836527312
251,251.0,6,1820,303.3333333333333,6,1.151373787014724
252,252.0,8,1769,221.125,8,1.6288627631684829
253,253.0,6,1789,298.1666666666667,6,3.653572736472649
254,254.0,5,1799,359.8,5,1.4431473983190004
255,255.0,5,1800,360.0,5,0.019615909131059307
256,256.0,5,1700,340.0,5,0.9033689938807793
257,257.0,5,1780,356.0,5,1.141203962113911
258,258.0,5,1841,368.2,5,1.5564010807089308
259,259.0,6,1829,304.8333333333333,6,2.285636832448644
260,260.0,6,1822,303.6666666666667,6,2.387032093180293
261,261.0,6,1822,303.6666666666667,6,0.024291401192653606
262,262.0,6,1772,295.3333333333333,6,2.3966082284955825
263,263.0,6,1722,287.0,6,1.7331744473050046
264,264.0,6,1643,273.8333333333333,6,1.4304190043101415
265,265.0,6,1664,277.3333333333333,6,1.4983318052162957
266,266.0,6,1674,279.0,6,1.6590076719541527
267,267.0,6,1676,279.3333333333333,6,0.016494426416939007
268,268.0,6,1689,281.5,6,2.00800141787477
269,269.0,6,1634,272.3333333333333,6,2.244844281233408
270,270.0,6,1626,271.0,6,1.5960936798199448
271,271.0,7,1651,235.85714285714286,7,1.4084580105471163
272,272.0,6,1711,285.1666666666667,6,2.3241214567056385
273,273.0,6,1710,285.0,6,0.007591102026510155
274,274.0,7,1756,250.85714285714286,7,2.8398690346580513
275,275.0,8,1710,213.75,8,5.591582685162656
276,276.0,8,1754,219.25,8,5.3210620127634005
277,277.0,8,1843,230.375,8,5.071887141505888
278,278.0,8,1855,231.875,8,3.604102468481571
279,279.0,8,1854,231.75,8,0.02633971710537122
280,280.0,8,1829,228.625,8,4.354992521188718
281,281.0,8,1865,233.125,8,3.5737616943052983
282,282.0,8,1801,225.125,8,3.958542416978365
283,283.0,8,1803,225.375,8,4.530804723115661
284,284.0,9,1810,201.11111111111111,9,3.8835718534090704
285,285.0,9,1811,201.22222222222223,9,0.025199952609905082
286,286.0,8,1897,237.125,8,3.844393382282772
287,287.0,8,1877,234.625,8,2.6343710854229885
288,288.0,8,1927,240.875,8,2.91709761382635
289,289.0,7,1953,279.0,7,2.0016284088555882
290,290.0,7,1871,267.2857142857143,7,1.4246286504676127
291,291.0,7,1869,267.0,7,0.019723743299980036
292,292.0,8,1810,226.25,8,1.9995014120103567
293,293.0,8,1802,225.25,8,2.720387747980187
294,294.0,8,1792,224.0,8,1.9920737856135902
295,295.0,8,1819,227.375,8,2.0518499807270194
296,296.0,8,1859,232.375,8,1.598471607302379
297,297.0,8,1861,232.625,8,0.016716547299046914
298,298.0,8,1820,227.5,8,1.9961061019194817
299,299.0,8,1824,228.0,8,1.5788070454555185
300,300.0,8,1872,234.0,8,2.119333322207548
301,301.0,9,1787,198.55555555555554,9,2.3078700270860164
302,302.0,9,1784,198.22222222222223,9,5.006570632168985
303,303.0,9,1783,198.11111111111111,9,0.003998154185231483
304,304.0,8,1831,228.875,8,5.448845940377818
305,305.0,9,1803,200.33333333333334,9,5.635531179287274
306,306.0,8,1829,228.625,8,3.957847443643381
307,307.0,9,1762,195.77777777777777,9,4.174138521798037
308,308.0,9,1680,186.66666666666666,9,4.480733731652986
309,309.0,9,1676,186.22222222222223,9,0.024644844262025758
310,310.0,8,1624,203.0,8,4.261906018439461
311,311.0,8,1585,198.125,8,3.592728078369725
312,312.0,8,1514,189.25,8,4.20039431813659
313,313.0,9,1570,174.44444444444446,9,3.6510327261913416
314,314.0,9,1570,174.44444444444446,9,3.2218817668014204
315,315.0,9,1577,175.22222222222223,9,0.06248553795457093
316,316.0,9,1637,181.88888888888889,9,3.1072158717938523
317,317.0,8,1591,198.875,8,3.2088976369203897
318,318.0,7,1587,226.71428571428572,7,2.7417485631091054
319,319.0,7,1564,223.42857142857142,7,2.9949532159753156
320,320.0,7,1573,224.71428571428572,7,2.9886791195960396
321,321.0,7,1590,227.14285714285714,7,0.1034668614731883
322,322.0,7,1582,226.0,7,3.540188493910521
323,323.0,7,1560,222.85714285714286,7,3.3667310038046656
324,324.0,7,1594,227.71428571428572,7,3.011589947541318
325,325.0,7,1617,231.0,7,2.9339344898337134
326,326.0,7,1585,226.42857142857142,7,2.9456419424455476
327,327.0,7,1583,226.14285714285714,7,0.01038926363196044
328,328.0,7,1658,236.85714285714286,7,3.2840489220903777
329,329.0,6,1803,300.5,6,2.8495315453328796
330,330.0,8,1681,210.125,8,3.0157575092846614
331,331.0,8,1675,209.375,8,5.181901633214869
332,332.0,8,1617,202.125,8,3.4954298167598723
333,333.0,8,1616,202.0,8,0.010495025945878715
334,334.0,8,1614,201.75,8,2.447526098945222
335,335.0,8,1617,202.125,8,1.9862599315281395
336,336.0,8,1646,205.75,8,2.0694756587877445
337,337.0,8,1698,212.25,8,2.4059423910813176
338,338.0,9,1643,182.55555555555554,9,3.617855480452101
339,339.0,9,1644,182.66666666666666,9,0.003982659904532237
340,340.0,9,1671,185.66666666666666,9,2.0833356770514864
341,341.0,9,1651,183.44444444444446,9,2.259443455524957
342,342.0,9,1657,184.11111111111111,9,2.0756524110184618
343,343.0,9,1708,189.77777777777777,9,1.5918866519473873
344,344.0,9,1684,187.11111111111111,9,1.5928471519543375
345,345.0,9,1684,187.11111111111111,9,0.0
346,346.0,9,1690,187.77777777777777,9,2.467188994446049
347,347.0,9,1698,188.66666666666666,9,1.7131713628887912
348,348.0,9,1694,188.22222222222223,9,2.8586756941980105
349,349.0,9,1714,190.44444444444446,9,3.163413474130925
350,350.0,9,1708,189.77777777777777,9,3.4434411462268995
351,351.0,9,1706,189.55555555555554,9,0.003397449140270112
352,352.0,9,1705,189.44444444444446,9,3.162844483700548
353,353.0,9,1665,185.0,9,3.6672758950664255
354,354.0,9,1712,190.22222222222223,9,3.022820932371439
355,355.0,9,1652,183.55555555555554,9,3.178699204215481
356,356.0,9,1617,179.66666666666666,9,3.8830906837268935
357,357.0,9,1619,179.88888888888889,9,0.02253516544729726
358,358.0,8,1581,197.625,8,3.5356611772367215
359,359.0,9,1604,178.22222222222223,9,4.523576024093702
360,360.0,9,1621,180.11111111111111,9,3.6370045895625633
361,361.0,8,1725,215.625,8,3.2864433190742455
362,362.0,9,1612,179.11111111111111,9,3.4072948635349234
363,363.0,9,1611,179.0,9,0.07054019655685234
364,364.0,9,1566,174.0,9,3.974940442928024
365,365.0,9,1568,174.22222222222223,9,4.913581221249675
366,366.0,9,1576,175.11111111111111,9,4.366547214428407
367,367.0,8,1671,208.875,8,3.9948010541111465
368,368.0,7,1737,248.14285714285714,7,3.0207045357347875
369,369.0,7,1742,248.85714285714286,7,0.015361576828130582
370,370.0,8,1709,213.625,8,3.1129262588284794
371,371.0,8,1737,217.125,8,3.89557848627812
372,372.0,8,1696,212.0,8,3.4663458327427548
373,373.0,9,1629,181.0,9,3.6890283983777534
374,374.0,8,1657,207.125,8,3.733917468702015
375,375.0,8,1651,206.375,8,0.03253638231537269
376,376.0,8,1670,208.75,8,2.657555387261859
377,377.0,8,1655,206.875,8,3.277923579086303
378,378.0,8,1679,209.875,8,3.723793684681456
379,379.0,7,1665,237.85714285714286,7,2.976101984121103
380,380.0,7,1702,243.14285714285714,7,2.2063943021263928
381,381.0,7,1701,243.0,7,0.018736691036109136
382,382.0,7,1693,241.85714285714286,7,1.2768529812918814
383,383.0,7,1697,242.42857142857142,7,1.352686502387535
384,384.0,7,1710,244.28571428571428,7,1.8936208515716757
385,385.0,7,1767,252.42857142857142,7,1.5654487064328784
386,386.0,7,1755,250.71428571428572,7,1.2184848914144715
387,387.0,7,1755,250.71428571428572,7,0.048492263728592146
388,388.0,7,1677,239.57142857142858,7,2.0715034848562914
389,389.0,7,1669,238.42857142857142,7,2.42711041690529
390,390.0,7,1687,241.0,7,0.9856868463847458
391,391.0,7,1630,232.85714285714286,7,1.444228657940234
392,392.0,7,1685,240.71428571428572,7,2.5646739606304183
393,393.0,7,1695,242.14285714285714,7,0.030506288703034797
394,394.0,7,1618,231.14285714285714,7,1.664231796287726
395,395.0,7,1612,230.28571428571428,7,2.234724233450637
396,396.0,6,1534,255.66666666666666,6,1.175310481616415
397,397.0,8,1512,189.0,8,1.80918597840493
398,398.0,7,1529,218.42857142857142,7,1.9173039093974384
399,399.0,7,1527,218.14285714285714,7,0.10402273047114426
400,400.0,7,1561,223.0,7,1.647686879161985
401,401.0,7,1537,219.57142857142858,7,1.4175568229419322
402,402.0,8,1537,192.125,8,2.710446529945581
403,403.0,8,1485,185.625,8,2.739611164347078
404,404.0,8,1484,185.5,8,2.6944729246807735
405,405.0,9,1554,172.66666666666666,9,2.0352768329777375
406,406.0,9,1554,172.66666666666666,9,0.031901866839788705
407,407.0,9,1557,173.0,9,2.6730630023654487
408,408.0,9,1547,171.88888888888889,9,3.2910321922639016
409,409.0,9,1562,173.55555555555554,9,3.1667751123674055
410,410.0,9,1610,178.88888888888889,9,3.573292006485875
411,411.0,9,1615,179.44444444444446,9,3.760811529526738
412,412.0,9,1616,179.55555555555554,9,0.02712093108016668
413,413.0,9,1570,174.44444444444446,9,3.8481530239681763
414,414.0,9,1557,173.0,9,3.820316926559388
415,415.0,9,1530,170.0,9,3.7896657234449673
416,416.0,9,1534,170.44444444444446,9,3.674271604738246
417,417.0,9,1541,171.22222222222223,9,3.8319528141245365
418,418.0,9,1537,170.77777777777777,9,0.059880935862297244
419,419.0,9,1539,171.0,9,3.240426727750064
420,420.0,9,1558,173.11111111111111,9,4.424625702785594
421,421.0,9,1550,172.22222222222223,9,3.3605870255379875
422,422.0,9,1590,176.66666666666666,9,2.9030519993633366
423,423.0,9,1573,174.77777777777777,9,2.4699041905460684
424,424.0,9,1573,174.77777777777777,9,0.03051443825807887
425,425.0,9,1565,173.88888888888889,9,2.9499634227892497
426,426.0,9,1564,173.77777777777777,9,2.66280496927214
427,427.0,8,1655,206.875,8,2.1222631942476675
428,428.0,8,1660,207.5,8,2.012004578310736
429,429.0,8,1613,201.625,8,2.3181768602099266
430,430.0,8,1617,202.125,8,0.014044370438791214
431,431.0,8,1539,192.375,8,1.2680301202608544
432,432.0,8,1531,191.375,8,1.0990227064414646
433,433.0,8,1498,187.25,8,1.3943304542665842
434,434.0,8,1488,186.0,8,1.5775438893184581
435,435.0,8,1477,184.625,8,1.3246494667191657
436,436.0,8,1477,184.625,8,0.0
437,437.0,8,1485,185.625,8,0.8784512207256308
438,438.0,8,1499,187.375,8,1.5559085567727042
439,439.0,8,1554,194.25,8,1.3682294699506676
440,440.0,8,1486,185.75,8,1.5600179531789058
441,441.0,8,1477,184.625,8,1.2756172021248209
442,442.0,8,1479,184.875,8,0.09473823472786222
443,443.0,8,1488,186.0,8,1.3896487951410637
444,444.0,8,1536,192.0,8,1.4709615109239342
445,445.0,8,1564,195.5,8,2.1396410628536264
446,446.0,8,1573,196.625,8,3.639793959376902
447,447.0,8,1615,201.875,8,3.9264436678929675
448,448.0,8,1611,201.375,8,0.04032462271776434
449,449.0,8,1582,197.75,8,2.366244611642107
450,450.0,8,1499,187.375,8,2.1476328436775693
451,451.0,7,1509,215.57142857142858,7,1.9655872710771618
452,452.0,7,1494,213.42857142857142,7,1.8683728240642126
453,453.0,8,1507,188.375,8,1.8353523825992968
454,454.0,8,1507,188.375,8,0.0
455,455.0,8,1650,206.25,8,2.3510982574313855
456,456.0,7,1704,243.42857142857142,7,2.472472303036647
457,457.0,7,1686,240.85714285714286,7,1.9248365295839023
458,458.0,9,1633,181.44444444444446,9,2.6395352526067506
459,459.0,8,1621,202.625,8,2.844335461406901
460,460.0,8,1616,202.0,8,0.0111524276819642
461,461.0,8,1566,195.75,8,2.4914021156294344
462,462.0,9,1571,174.55555555555554,9,2.080437973296953
463,463.0,8,1573,196.625,8,2.0161140958520196
464,464.0,7,1628,232.57142857142858,7,1.3744011268067422
465,465.0,7,1636,233.71428571428572,7,1.8266547865141465
466,466.0,7,1636,233.71428571428572,7,0.05195923061639205
467,467.0,8,1640,205.0,8,0.6091878617766919
468,468.0,8,1610,201.25,8,1.9095366522727026
469,469.0,8,1642,205.25,8,2.3001412568715205
470,470.0,8,1625,203.125,8,1.6502274358374005
471,471.0,8,1640,205.0,8,1.9749938493599835
472,472.0,8,1639,204.875,8,0.01025504621216653
473,473.0,8,1679,209.875,8,2.0786966830462723
474,474.0,8,1612,201.5,8,1.6698778358891844
475,475.0,8,1658,207.25,8,1.2668657020217082
476,476.0,8,1641,205.125,8,1.2545159475006287
477,477.0,8,1639,204.875,8,1.0372321010787346
478,478.0,8,1635,204.375,8,0.0644239740084751
479,479.0,8,1625,203.125,8,1.4430337782821039
480,480.0,8,1630,203.75,8,2.4002549712031858
481,481.0,8,1640,205.0,8,2.136297320125643
482,482.0,8,1656,207.0,8,1.5224539117331681
483,483.0,8,1652,206.5,8,2.2127975373008124
484,484.0,8,1652,206.5,8,0.0
485,485.0,8,1649,206.125,8,1.8488854381696485
486,486.0,8,1680,210.0,8,3.020203311254825
487,487.0,8,1653,206.625,8,2.7564732813840434
488,488.0,8,1644,205.5,8,1.9280355877189161
489,489.0,8,1648,206.0,8,1.6419833248641216
490,490.0,8,1646,205.75,8,0.011623421679231362
491,491.0,8,1653,206.625,8,1.5610399356547398
492,492.0,8,1616,202.0,8,1.2522627327887952
493,493.0,8,1528,191.0,8,1.3064728378903192
494,494.0,9,1504,167.11111111111111,9,1.9981600103977737
495,495.0,9,1546,171.77777777777777,9,2.02660871205261
496,496.0,9,1545,171.66666666666666,9,0.013475979602737605
497,497.0,10,1551,155.1,10,2.0742685995481853
498,498.0,10,1565,156.5,10,3.139890496362093
499,499.0,10,1627,162.7,10,4.279268199274377
500,500.0,10,1641,164.1,10,3.919860942345507
501,501.0,10,1639,163.9,10,2.1523582357143995
502,502.0,10,1638,163.8,10,0.028346879520120306
503,503.0,10,1632,163.2,10,2.1240759870678705
504,504.0,9,1672,185.77777777777777,9,1.488644258519353
505,505.0,9,1641,182.33333333333334,9,1.0315055202625787
506,506.0,8,1632,204.0,8,0.9606207311071607
507,507.0,8,1616,202.0,8,1.393000736046474
508,508.0,8,1620,202.5,8,0.04602887062323263
509,509.0,8,1572,196.5,8,1.6584318541825727
510,510.0,8,1531,191.375,8,0.888134142180164
511,511.0,7,1457,208.14285714285714,7,0.7798210189271834
512,512.0,7,1507,215.28571428571428,7,1.0540005822420329
513,513.0,8,1433,179.125,8,1.3533493643409602
514,514.0,8,1435,179.375,8,0.013192575914264537
515,515.0,7,1419,202.71428571428572,7,0.8810258546229282
516,516.0,7,1407,201.0,7,1.278863154241026
517,517.0,7,1406,200.85714285714286,7,1.3413816850955944
518,518.0,7,1407,201.0,7,1.340688585449094
519,519.0,7,1405,200.71428571428572,7,0.9380866967418667
520,520.0,7,1409,201.28571428571428,7,0.03815952071158929
521,521.0,7,1413,201.85714285714286,7,0.968121872713232
522,522.0,7,1398,199.71428571428572,7,1.3071009119390955
523,523.0,7,1403,200.42857142857142,7,2.098939086725209
524,524.0,7,1380,197.14285714285714,7,2.377354070398541
525,525.0,7,1376,196.57142857142858,7,2.765388376348045
526,526.0,7,1376,196.57142857142858,7,0.0
527,527.0,7,1378,196.85714285714286,7,2.480372069116636
528,528.0,7,1412,201.71428571428572,7,2.681035252099133
529,529.0,7,1425,203.57142857142858,7,1.7890556055275917
530,530.0,7,1428,204.0,7,1.8041560922291795
531,531.0,7,1443,206.14285714285714,7,1.171081744473559
532,532.0,7,1445,206.42857142857142,7,0.051087258958293344
533,533.0,7,1424,203.42857142857142,7,1.7327394620435275
534,534.0,7,1416,202.28571428571428,7,2.0838356340826323
535,535.0,7,1397,199.57142857142858,7,3.3081693387750852
536,536.0,7,1408,201.14285714285714,7,2.7207507033988505
537,537.0,7,1423,203.28571428571428,7,2.6934664151802368
538,538.0,7,1421,203.0,7,0.017944484870057287
539,539.0,7,1443,206.14285714285714,7,2.4327653869194066
540,540.0,7,1418,202.57142857142858,7,2.674871303533826
541,541.0,7,1432,204.57142857142858,7,2.8037232698944043
542,542.0,6,1449,241.5,6,1.4122712239703639
543,543.0,6,1466,244.33333333333334,6,1.0283394504567502
544,544.0,6,1466,244.33333333333334,6,0.039745462522737765
545,545.0,7,1446,206.57142857142858,7,1.5840515550235903
546,546.0,7,1430,204.28571428571428,7,1.9832628256185088
547,547.0,7,1411,201.57142857142858,7,1.5197524127852888
548,548.0,7,1428,204.0,7,1.456733428236571
549,549.0,7,1418,202.57142857142858,7,1.296688581907058
550,550.0,7,1418,202.57142857142858,7,0.024776882598229633
551,551.0,7,1423,203.28571428571428,7,1.6484259041428473
552,552.0,6,1411,235.16666666666666,6,1.7986504298244748
553,553.0,6,1313,218.83333333333334,6,1.5491971422221402
554,554.0,6,1395,232.5,6,5.342427165564561
555,555.0,5,1459,291.8,5,0.9014966546632657
556,556.0,5,1459,291.8,5,0.0
557,557.0,5,1423,284.6,5,0.2926434303967381
558,558.0,5,1517,303.4,5,0.21677715256677937
559,559.0,6,1462,243.66666666666666,6,1.5153503500331875
560,560.0,6,1428,238.0,6,3.4055168485566996
561,561.0,7,1387,198.14285714285714,7,3.9125685853042556
562,562.0,7,1383,197.57142857142858,7,0.021141863576097535
563,563.0,7,1370,195.71428571428572,7,3.068992582302146
564,564.0,7,1399,199.85714285714286,7,3.1712160396212186
565,565.0,6,1402,233.66666666666666,6,5.128470221702596
566,566.0,6,1399,233.16666666666666,6,2.5652479564021036
567,567.0,6,1353,225.5,6,3.6049726051038715
568,568.0,6,1356,226.0,6,0.012086092848600344
569,569.0,6,1354,225.66666666666666,6,2.8874518191214116
570,570.0,6,1365,227.5,6,2.7326505269090178
571,571.0,6,1365,227.5,6,2.5384686334227866
572,572.0,6,1386,231.0,6,2.9092176383753507
573,573.0,6,1384,230.66666666666666,6,2.7606034510231248
574,574.0,6,1388,231.33333333333334,6,0.014333823271445495
575,575.0,6,1379,229.83333333333334,6,2.3062791997580265
576,576.0,6,1388,231.33333333333334,6,2.6233692204772416
577,577.0,6,1390,231.66666666666666,6,2.447678418334569
578,578.0,6,1403,233.83333333333334,6,2.885879199988128
579,579.0,7,1489,212.71428571428572,7,2.734511671043638
580,580.0,7,1489,212.71428571428572,7,0.0
581,581.0,7,1522,217.42857142857142,7,4.137764098394707
582,582.0,7,1535,219.28571428571428,7,3.549804444576228
583,583.0,7,1535,219.28571428571428,7,3.3874257831612558
584,584.0,7,1544,220.57142857142858,7,3.740183397003787
585,585.0,7,1560,222.85714285714286,7,3.9655567491435413
586,586.0,7,1563,223.28571428571428,7,0.01227235118777156
587,587.0,7,1560,222.85714285714286,7,3.43592275965636
588,588.0,7,1568,224.0,7,3.708382105349158
589,589.0,7,1574,224.85714285714286,7,3.229280298305263
590,590.0,7,1625,232.14285714285714,7,3.391581871602753
591,591.0,7,1631,233.0,7,2.257229714022609
592,592.0,7,1632,233.14285714285714,7,0.02189367302652418
593,593.0,7,1598,228.28571428571428,7,1.933952035570967
594,594.0,7,1537,219.57142857142858,7,1.7103757081154183
595,595.0,7,1503,214.71428571428572,7,1.8139828714132713
596,596.0,7,1468,209.71428571428572,7,2.1920112752923546
597,597.0,7,1466,209.42857142857142,7,2.89548274063821
598,598.0,7,1426,203.71428571428572,7,0.14136612003177998
599,599.0,7,1427,203.85714285714286,7,2.5762789330031075
600,600.0,7,1416,202.28571428571428,7,3.1151042237398667
601,601.0,7,1420,202.85714285714286,7,3.1236255355909726
602,602.0,7,1433,204.71428571428572,7,3.0783325342358405
603,603.0,7,1402,200.28571428571428,7,2.8179508606785326
604,604.0,8,1443,180.375,8,2.621651230076374
605,605.0,8,1443,180.375,8,0.0
606,606.0,8,1449,181.125,8,3.3462130073157597
607,607.0,9,1499,166.55555555555554,9,3.2514197255783484
608,608.0,8,1539,192.375,8,3.587399391624036
609,609.0,8,1546,193.25,8,3.2783833110919387
610,610.0,9,1583,175.88888888888889,9,2.9087670392738167
611,611.0,9,1582,175.77777777777777,9,0.006071682856876144
612,612.0,9,1631,181.22222222222223,9,2.8432539097310583
613,613.0,8,1686,210.75,8,2.0794474269757264
614,614.0,8,1687,210.875,8,2.0508356462180464
615,615.0,9,1563,173.66666666666666,9,3.8896031276759784
616,616.0,10,1658,165.8,10,4.583018998184546
617,617.0,10,1652,165.2,10,0.019569140142303282
618,618.0,9,1536,170.66666666666666,9,3.947237947742968
619,619.0,9,1554,172.66666666666666,9,3.454649782295794
620,620.0,10,1585,158.5,10,4.2816534460114575
621,621.0,10,1658,165.8,10,5.360876622599674
622,622.0,9,1615,179.44444444444446,9,4.300593990156399
623,623.0,9,1619,179.88888888888889,9,0.027694407222926664
624,624.0,9,1758,195.33333333333334,9,4.332197897848181
625,625.0,8,1797,224.625,8,2.055518968897123
626,626.0,8,1820,227.5,8,2.614049800160671
627,627.0,9,1723,191.44444444444446,9,3.1741157283734664
628,628.0,10,1562,156.2,10,3.729995349409759
629,629.0,10,1562,156.2,10,0.0030201342281884536
630,630.0,9,1618,179.77777777777777,9,3.8495666490154576
631,631.0,10,1525,152.5,10,3.5792027576372316
632,632.0,10,1641,164.1,10,4.13634322003946
633,633.0,10,1620,162.0,10,4.835856317583112
634,634.0,10,1549,154.9,10,5.45749767117575
635,635.0,10,1550,155.0,10,0.0018969475656288935
636,636.0,10,1543,154.3,10,4.458462895644243
637,637.0,9,1652,183.55555555555554,9,2.702643503572977
638,638.0,9,1632,181.33333333333334,9,4.462365353929777
639,639.0,10,1596,159.6,10,5.020312890564346
640,640.0,10,1693,169.3,10,4.834702247772894
641,641.0,10,1699,169.9,10,0.07101899641276435
642,642.0,10,1729,172.9,10,4.708023841686005
643,643.0,11,1692,153.8181818181818,11,5.032416793542653
644,644.0,11,1668,151.63636363636363,11,4.691874651023628
645,645.0,11,1683,153.0,11,5.0641741995277245
646,646.0,11,1686,153.27272727272728,11,4.29007565726772
647,647.0,11,1687,153.36363636363637,11,0.002971201743948765
648,648.0,11,1689,153.54545454545453,11,3.9507347272174114
649,649.0,10,1741,174.1,10,6.080187510731846
650,650.0,10,1748,174.8,10,4.474257416671952
651,651.0,9,1703,189.22222222222223,9,4.471786933736052
652,652.0,8,1702,212.75,8,4.902331357732088
