frame,time_min,object_count,mean_area_px,total_area_px,object_density_per_px2,mean_area_um2,total_area_um2,object_count_growth_per_min,total_area_growth_um2_per_min
0,0.0,34,746.2058823529412,25371,3.689236111111111e-05,746.2058823529412,25371.0,,
1,1.0,34,746.2058823529412,25371,3.689236111111111e-05,746.2058823529412,25371.0,0.0,0.0
2,2.0,34,746.2058823529412,25371,3.689236111111111e-05,746.2058823529412,25371.0,0.0,0.0
3,3.0,8,262.625,2101,8.680555555555556e-06,262.625,2101.0,-26.0,-23270.0
4,4.0,9,219.77777777777777,1978,9.765625e-06,219.77777777777777,1978.0,1.0,-123.0
5,5.0,8,255.25,2042,8.680555555555556e-06,255.25,2042.0,-1.0,64.0
6,6.0,7,293.42857142857144,2054,7.595486111111111e-06,293.42857142857144,2054.0,-1.0,12.0
7,7.0,7,261.0,1827,7.595486111111111e-06,261.0,1827.0,0.0,-227.0
8,8.0,7,261.2857142857143,1829,7.595486111111111e-06,261.2857142857143,1829.0,0.0,2.0
9,9.0,7,280.42857142857144,1963,7.595486111111111e-06,280.42857142857144,1963.0,0.0,134.0
10,10.0,7,259.14285714285717,1814,7.595486111111111e-06,259.14285714285717,1814.0,0.0,-149.0
11,11.0,7,242.28571428571428,1696,7.595486111111111e-06,242.28571428571428,1696.0,0.0,-118.0
12,12.0,6,307.6666666666667,1846,6.510416666666667e-06,307.6666666666667,1846.0,-1.0,150.0
13,13.0,6,292.5,1755,6.510416666666667e-06,292.5,1755.0,0.0,-91.0
14,14.0,6,292.8333333333333,1757,6.510416666666667e-06,292.8333333333333,1757.0,0.0,2.0
15,15.0,6,297.5,1785,6.510416666666667e-06,297.5,1785.0,0.0,28.0
16,16.0,6,293.3333333333333,1760,6.510416666666667e-06,293.3333333333333,1760.0,0.0,-25.0
17,17.0,6,295.0,1770,6.510416666666667e-06,295.0,1770.0,0.0,10.0
18,18.0,7,258.0,1806,7.595486111111111e-06,258.0,1806.0,1.0,36.0
19,19.0,8,219.75,1758,8.680555555555556e-06,219.75,1758.0,1.0,-48.0
20,20.0,8,219.75,1758,8.680555555555556e-06,219.75,1758.0,0.0,0.0
21,21.0,8,226.625,1813,8.680555555555556e-06,226.625,1813.0,0.0,55.0
22,22.0,8,234.25,1874,8.680555555555556e-06,234.25,1874.0,0.0,61.0
23,23.0,7,272.57142857142856,1908,7.595486111111111e-06,272.57142857142856,1908.0,-1.0,34.0
24,24.0,7,271.14285714285717,1898,7.595486111111111e-06,271.14285714285717,1898.0,0.0,-10.0
25,25.0,6,312.6666666666667,1876,6.510416666666667e-06,312.6666666666667,1876.0,-1.0,-22.0
26,26.0,6,312.8333333333333,1877,6.510416666666667e-06,312.8333333333333,1877.0,0.0,1.0
27,27.0,5,378.0,1890,5.4253472222222224e-06,378.0,1890.0,-1.0,13.0
28,28.0,6,303.1666666666667,1819,6.510416666666667e-06,303.1666666666667,1819.0,1.0,-71.0
29,29.0,6,302.3333333333333,1814,6.510416666666667e-06,302.3333333333333,1814.0,0.0,-5.0
30,30.0,6,320.8333333333333,1925,6.510416666666667e-06,320.8333333333333,1925.0,0.0,111.0
31,31.0,7,246.0,1722,7.595486111111111e-06,246.0,1722.0,1.0,-203.0
32,32.0,7,245.28571428571428,1717,7.595486111111111e-06,245.28571428571428,1717.0,0.0,-5.0
33,33.0,7,228.28571428571428,1598,7.595486111111111e-06,228.28571428571428,1598.0,0.0,-119.0
34,34.0,6,255.66666666666666,1534,6.510416666666667e-06,255.66666666666666,1534.0,-1.0,-64.0
35,35.0,7,222.57142857142858,1558,7.595486111111111e-06,222.57142857142858,1558.0,1.0,24.0
36,36.0,7,222.0,1554,7.595486111111111e-06,222.0,1554.0,0.0,-4.0
37,37.0,7,214.71428571428572,1503,7.595486111111111e-06,214.71428571428572,1503.0,0.0,-51.0
38,38.0,7,214.57142857142858,1502,7.595486111111111e-06,214.57142857142858,1502.0,0.0,-1.0
39,39.0,7,214.57142857142858,1502,7.595486111111111e-06,214.57142857142858,1502.0,0.0,0.0
40,40.0,5,301.0,1505,5.4253472222222224e-06,301.0,1505.0,-2.0,3.0
41,41.0,5,304.6,1523,5.4253472222222224e-06,304.6,1523.0,0.0,18.0
42,42.0,5,306.6,1533,5.4253472222222224e-06,306.6,1533.0,0.0,10.0
43,43.0,7,220.14285714285714,1541,7.595486111111111e-06,220.14285714285714,1541.0,2.0,8.0
44,44.0,7,219.57142857142858,1537,7.595486111111111e-06,219.57142857142858,1537.0,0.0,-4.0
45,45.0,7,235.0,1645,7.595486111111111e-06,235.0,1645.0,0.0,108.0
46,46.0,7,238.14285714285714,1667,7.595486111111111e-06,238.14285714285714,1667.0,0.0,22.0
47,47.0,6,284.0,1704,6.510416666666667e-06,284.0,1704.0,-1.0,37.0
48,48.0,7,235.57142857142858,1649,7.595486111111111e-06,235.57142857142858,1649.0,1.0,-55.0
49,49.0,7,231.14285714285714,1618,7.595486111111111e-06,231.14285714285714,1618.0,0.0,-31.0
50,50.0,7,231.85714285714286,1623,7.595486111111111e-06,231.85714285714286,1623.0,0.0,5.0
51,51.0,7,239.28571428571428,1675,7.595486111111111e-06,239.28571428571428,1675.0,0.0,52.0
52,52.0,6,287.0,1722,6.510416666666667e-06,287.0,1722.0,-1.0,47.0
53,53.0,6,276.5,1659,6.510416666666667e-06,276.5,1659.0,0.0,-63.0
54,54.0,6,277.0,1662,6.510416666666667e-06,277.0,1662.0,0.0,3.0
55,55.0,6,269.1666666666667,1615,6.510416666666667e-06,269.1666666666667,1615.0,0.0,-47.0
56,56.0,6,269.1666666666667,1615,6.510416666666667e-06,269.1666666666667,1615.0,0.0,0.0
57,57.0,5,329.0,1645,5.4253472222222224e-06,329.0,1645.0,-1.0,30.0
58,58.0,8,193.5,1548,8.680555555555556e-06,193.5,1548.0,3.0,-97.0
59,59.0,8,193.5,1548,8.680555555555556e-06,193.5,1548.0,0.0,0.0
60,60.0,8,197.5,1580,8.680555555555556e-06,197.5,1580.0,0.0,32.0
61,61.0,8,203.125,1625,8.680555555555556e-06,203.125,1625.0,0.0,45.0
62,62.0,8,203.125,1625,8.680555555555556e-06,203.125,1625.0,0.0,0.0
63,63.0,7,234.85714285714286,1644,7.595486111111111e-06,234.85714285714286,1644.0,-1.0,19.0
64,64.0,8,211.25,1690,8.680555555555556e-06,211.25,1690.0,1.0,46.0
65,65.0,8,224.5,1796,8.680555555555556e-06,224.5,1796.0,0.0,106.0
66,66.0,9,192.33333333333334,1731,9.765625e-06,192.33333333333334,1731.0,1.0,-65.0
67,67.0,8,211.75,1694,8.680555555555556e-06,211.75,1694.0,-1.0,-37.0
68,68.0,8,211.5,1692,8.680555555555556e-06,211.5,1692.0,0.0,-2.0
69,69.0,9,183.0,1647,9.765625e-06,183.0,1647.0,1.0,-45.0
70,70.0,9,185.55555555555554,1670,9.765625e-06,185.55555555555554,1670.0,0.0,23.0
71,71.0,8,221.875,1775,8.680555555555556e-06,221.875,1775.0,-1.0,105.0
72,72.0,8,225.375,1803,8.680555555555556e-06,225.375,1803.0,0.0,28.0
73,73.0,8,233.0,1864,8.680555555555556e-06,233.0,1864.0,0.0,61.0
74,74.0,8,233.0,1864,8.680555555555556e-06,233.0,1864.0,0.0,0.0
75,75.0,8,234.625,1877,8.680555555555556e-06,234.625,1877.0,0.0,13.0
76,76.0,7,274.57142857142856,1922,7.595486111111111e-06,274.57142857142856,1922.0,-1.0,45.0
77,77.0,7,271.14285714285717,1898,7.595486111111111e-06,271.14285714285717,1898.0,0.0,-24.0
78,78.0,7,262.42857142857144,1837,7.595486111111111e-06,262.42857142857144,1837.0,0.0,-61.0
79,79.0,7,274.2857142857143,1920,7.595486111111111e-06,274.2857142857143,1920.0,0.0,83.0
80,80.0,7,274.57142857142856,1922,7.595486111111111e-06,274.57142857142856,1922.0,0.0,2.0
81,81.0,8,227.75,1822,8.680555555555556e-06,227.75,1822.0,1.0,-100.0
82,82.0,8,224.75,1798,8.680555555555556e-06,224.75,1798.0,0.0,-24.0
83,83.0,8,216.375,1731,8.680555555555556e-06,216.375,1731.0,0.0,-67.0
84,84.0,9,190.44444444444446,1714,9.765625e-06,190.44444444444446,1714.0,1.0,-17.0
85,85.0,9,191.55555555555554,1724,9.765625e-06,191.55555555555554,1724.0,0.0,10.0
86,86.0,9,192.0,1728,9.765625e-06,192.0,1728.0,0.0,4.0
87,87.0,8,204.875,1639,8.680555555555556e-06,204.875,1639.0,-1.0,-89.0
88,88.0,8,204.875,1639,8.680555555555556e-06,204.875,1639.0,0.0,0.0
89,89.0,8,210.5,1684,8.680555555555556e-06,210.5,1684.0,0.0,45.0
90,90.0,8,207.375,1659,8.680555555555556e-06,207.375,1659.0,0.0,-25.0
91,91.0,8,202.375,1619,8.680555555555556e-06,202.375,1619.0,0.0,-40.0
92,92.0,8,202.125,1617,8.680555555555556e-06,202.125,1617.0,0.0,-2.0
93,93.0,8,206.625,1653,8.680555555555556e-06,206.625,1653.0,0.0,36.0
94,94.0,9,187.22222222222223,1685,9.765625e-06,187.22222222222223,1685.0,1.0,32.0
95,95.0,9,188.22222222222223,1694,9.765625e-06,188.22222222222223,1694.0,0.0,9.0
96,96.0,9,189.77777777777777,1708,9.765625e-06,189.77777777777777,1708.0,0.0,14.0
97,97.0,8,212.0,1696,8.680555555555556e-06,212.0,1696.0,-1.0,-12.0
98,98.0,8,211.75,1694,8.680555555555556e-06,211.75,1694.0,0.0,-2.0
99,99.0,8,209.5,1676,8.680555555555556e-06,209.5,1676.0,0.0,-18.0
100,100.0,8,205.625,1645,8.680555555555556e-06,205.625,1645.0,0.0,-31.0
101,101.0,9,189.44444444444446,1705,9.765625e-06,189.44444444444446,1705.0,1.0,60.0
102,102.0,9,188.11111111111111,1693,9.765625e-06,188.11111111111111,1693.0,0.0,-12.0
103,103.0,9,187.33333333333334,1686,9.765625e-06,187.33333333333334,1686.0,0.0,-7.0
104,104.0,9,187.33333333333334,1686,9.765625e-06,187.33333333333334,1686.0,0.0,0.0
105,105.0,9,182.55555555555554,1643,9.765625e-06,182.55555555555554,1643.0,0.0,-43.0
106,106.0,9,186.55555555555554,1679,9.765625e-06,186.55555555555554,1679.0,0.0,36.0
107,107.0,9,188.55555555555554,1697,9.765625e-06,188.55555555555554,1697.0,0.0,18.0
108,108.0,8,210.625,1685,8.680555555555556e-06,210.625,1685.0,-1.0,-12.0
109,109.0,8,212.125,1697,8.680555555555556e-06,212.125,1697.0,0.0,12.0
110,110.0,8,211.875,1695,8.680555555555556e-06,211.875,1695.0,0.0,-2.0
111,111.0,9,192.55555555555554,1733,9.765625e-06,192.55555555555554,1733.0,1.0,38.0
112,112.0,9,195.66666666666666,1761,9.765625e-06,195.66666666666666,1761.0,0.0,28.0
113,113.0,9,196.0,1764,9.765625e-06,196.0,1764.0,0.0,3.0
114,114.0,9,191.33333333333334,1722,9.765625e-06,191.33333333333334,1722.0,0.0,-42.0
115,115.0,9,187.55555555555554,1688,9.765625e-06,187.55555555555554,1688.0,0.0,-34.0
116,116.0,9,187.66666666666666,1689,9.765625e-06,187.66666666666666,1689.0,0.0,1.0
117,117.0,9,193.66666666666666,1743,9.765625e-06,193.66666666666666,1743.0,0.0,54.0
118,118.0,9,192.22222222222223,1730,9.765625e-06,192.22222222222223,1730.0,0.0,-13.0
119,119.0,9,209.22222222222223,1883,9.765625e-06,209.22222222222223,1883.0,0.0,153.0
120,120.0,10,184.9,1849,1.0850694444444445e-05,184.9,1849.0,1.0,-34.0
121,121.0,9,204.44444444444446,1840,9.765625e-06,204.44444444444446,1840.0,-1.0,-9.0
122,122.0,9,204.44444444444446,1840,9.765625e-06,204.44444444444446,1840.0,0.0,0.0
123,123.0,9,207.22222222222223,1865,9.765625e-06,207.22222222222223,1865.0,0.0,25.0
124,124.0,9,195.88888888888889,1763,9.765625e-06,195.88888888888889,1763.0,0.0,-102.0
125,125.0,9,193.0,1737,9.765625e-06,193.0,1737.0,0.0,-26.0
126,126.0,9,190.44444444444446,1714,9.765625e-06,190.44444444444446,1714.0,0.0,-23.0
127,127.0,9,194.44444444444446,1750,9.765625e-06,194.44444444444446,1750.0,0.0,36.0
128,128.0,9,194.33333333333334,1749,9.765625e-06,194.33333333333334,1749.0,0.0,-1.0
129,129.0,9,185.11111111111111,1666,9.765625e-06,185.11111111111111,1666.0,0.0,-83.0
130,130.0,9,187.11111111111111,1684,9.765625e-06,187.11111111111111,1684.0,0.0,18.0
131,131.0,9,198.11111111111111,1783,9.765625e-06,198.11111111111111,1783.0,0.0,99.0
132,132.0,9,195.77777777777777,1762,9.765625e-06,195.77777777777777,1762.0,0.0,-21.0
133,133.0,9,201.88888888888889,1817,9.765625e-06,201.88888888888889,1817.0,0.0,55.0
134,134.0,9,201.88888888888889,1817,9.765625e-06,201.88888888888889,1817.0,0.0,0.0
135,135.0,8,217.125,1737,8.680555555555556e-06,217.125,1737.0,-1.0,-80.0
136,136.0,8,235.25,1882,8.680555555555556e-06,235.25,1882.0,0.0,145.0
137,137.0,8,241.75,1934,8.680555555555556e-06,241.75,1934.0,0.0,52.0
138,138.0,9,198.11111111111111,1783,9.765625e-06,198.11111111111111,1783.0,1.0,-151.0
139,139.0,9,189.88888888888889,1709,9.765625e-06,189.88888888888889,1709.0,0.0,-74.0
140,140.0,10,171.4,1714,1.0850694444444445e-05,171.4,1714.0,1.0,5.0
141,141.0,9,184.55555555555554,1661,9.765625e-06,184.55555555555554,1661.0,-1.0,-53.0
142,142.0,10,169.0,1690,1.0850694444444445e-05,169.0,1690.0,1.0,29.0
143,143.0,10,173.7,1737,1.0850694444444445e-05,173.7,1737.0,0.0,47.0
144,144.0,9,196.55555555555554,1769,9.765625e-06,196.55555555555554,1769.0,-1.0,32.0
145,145.0,10,176.1,1761,1.0850694444444445e-05,176.1,1761.0,1.0,-8.0
146,146.0,10,175.8,1758,1.0850694444444445e-05,175.8,1758.0,0.0,-3.0
147,147.0,9,192.88888888888889,1736,9.765625e-06,192.88888888888889,1736.0,-1.0,-22.0
148,148.0,9,190.88888888888889,1718,9.765625e-06,190.88888888888889,1718.0,0.0,-18.0
149,149.0,8,213.5,1708,8.680555555555556e-06,213.5,1708.0,-1.0,-10.0
150,150.0,8,217.0,1736,8.680555555555556e-06,217.0,1736.0,0.0,28.0
151,151.0,9,194.44444444444446,1750,9.765625e-06,194.44444444444446,1750.0,1.0,14.0
152,152.0,9,194.66666666666666,1752,9.765625e-06,194.66666666666666,1752.0,0.0,2.0
153,153.0,7,237.57142857142858,1663,7.595486111111111e-06,237.57142857142858,1663.0,-2.0,-89.0
154,154.0,7,240.28571428571428,1682,7.595486111111111e-06,240.28571428571428,1682.0,0.0,19.0
155,155.0,10,174.6,1746,1.0850694444444445e-05,174.6,1746.0,3.0,64.0
156,156.0,10,171.5,1715,1.0850694444444445e-05,171.5,1715.0,0.0,-31.0
157,157.0,9,199.77777777777777,1798,9.765625e-06,199.77777777777777,1798.0,-1.0,83.0
158,158.0,9,199.66666666666666,1797,9.765625e-06,199.66666666666666,1797.0,0.0,-1.0
159,159.0,8,218.125,1745,8.680555555555556e-06,218.125,1745.0,-1.0,-52.0
160,160.0,9,191.77777777777777,1726,9.765625e-06,191.77777777777777,1726.0,1.0,-19.0
161,161.0,9,194.55555555555554,1751,9.765625e-06,194.55555555555554,1751.0,0.0,25.0
162,162.0,9,202.55555555555554,1823,9.765625e-06,202.55555555555554,1823.0,0.0,72.0
163,163.0,9,183.11111111111111,1648,9.765625e-06,183.11111111111111,1648.0,0.0,-175.0
164,164.0,9,183.22222222222223,1649,9.765625e-06,183.22222222222223,1649.0,0.0,1.0
165,165.0,10,162.1,1621,1.0850694444444445e-05,162.1,1621.0,1.0,-28.0
166,166.0,9,184.77777777777777,1663,9.765625e-06,184.77777777777777,1663.0,-1.0,42.0
167,167.0,8,201.875,1615,8.680555555555556e-06,201.875,1615.0,-1.0,-48.0
168,168.0,9,182.22222222222223,1640,9.765625e-06,182.22222222222223,1640.0,1.0,25.0
169,169.0,8,204.75,1638,8.680555555555556e-06,204.75,1638.0,-1.0,-2.0
170,170.0,8,204.625,1637,8.680555555555556e-06,204.625,1637.0,0.0,-1.0
171,171.0,8,199.75,1598,8.680555555555556e-06,199.75,1598.0,0.0,-39.0
172,172.0,8,202.5,1620,8.680555555555556e-06,202.5,1620.0,0.0,22.0
173,173.0,8,191.875,1535,8.680555555555556e-06,191.875,1535.0,0.0,-85.0
174,174.0,8,200.125,1601,8.680555555555556e-06,200.125,1601.0,0.0,66.0
175,175.0,8,196.75,1574,8.680555555555556e-06,196.75,1574.0,0.0,-27.0
176,176.0,8,196.5,1572,8.680555555555556e-06,196.5,1572.0,0.0,-2.0
177,177.0,8,200.25,1602,8.680555555555556e-06,200.25,1602.0,0.0,30.0
178,178.0,8,204.125,1633,8.680555555555556e-06,204.125,1633.0,0.0,31.0
179,179.0,8,201.25,1610,8.680555555555556e-06,201.25,1610.0,0.0,-23.0
180,180.0,8,204.0,1632,8.680555555555556e-06,204.0,1632.0,0.0,22.0
181,181.0,8,200.875,1607,8.680555555555556e-06,200.875,1607.0,0.0,-25.0
182,182.0,8,200.875,1607,8.680555555555556e-06,200.875,1607.0,0.0,0.0
183,183.0,7,232.42857142857142,1627,7.595486111111111e-06,232.42857142857142,1627.0,-1.0,20.0
184,184.0,7,228.57142857142858,1600,7.595486111111111e-06,228.57142857142858,1600.0,0.0,-27.0
185,185.0,7,228.85714285714286,1602,7.595486111111111e-06,228.85714285714286,1602.0,0.0,2.0
186,186.0,8,207.375,1659,8.680555555555556e-06,207.375,1659.0,1.0,57.0
187,187.0,7,248.0,1736,7.595486111111111e-06,248.0,1736.0,-1.0,77.0
188,188.0,7,248.0,1736,7.595486111111111e-06,248.0,1736.0,0.0,0.0
189,189.0,7,256.0,1792,7.595486111111111e-06,256.0,1792.0,0.0,56.0
190,190.0,8,230.125,1841,8.680555555555556e-06,230.125,1841.0,1.0,49.0
191,191.0,7,266.14285714285717,1863,7.595486111111111e-06,266.14285714285717,1863.0,-1.0,22.0
192,192.0,7,288.7142857142857,2021,7.595486111111111e-06,288.7142857142857,2021.0,0.0,158.0
193,193.0,7,304.2857142857143,2130,7.595486111111111e-06,304.2857142857143,2130.0,0.0,109.0
194,194.0,7,304.85714285714283,2134,7.595486111111111e-06,304.85714285714283,2134.0,0.0,4.0
195,195.0,8,249.875,1999,8.680555555555556e-06,249.875,1999.0,1.0,-135.0
196,196.0,7,285.7142857142857,2000,7.595486111111111e-06,285.7142857142857,2000.0,-1.0,1.0
197,197.0,6,343.3333333333333,2060,6.510416666666667e-06,343.3333333333333,2060.0,-1.0,60.0
198,198.0,7,299.85714285714283,2099,7.595486111111111e-06,299.85714285714283,2099.0,1.0,39.0
199,199.0,7,278.85714285714283,1952,7.595486111111111e-06,278.85714285714283,1952.0,0.0,-147.0
200,200.0,7,279.14285714285717,1954,7.595486111111111e-06,279.14285714285717,1954.0,0.0,2.0
201,201.0,8,245.25,1962,8.680555555555556e-06,245.25,1962.0,1.0,8.0
202,202.0,9,215.55555555555554,1940,9.765625e-06,215.55555555555554,1940.0,1.0,-22.0
203,203.0,8,239.0,1912,8.680555555555556e-06,239.0,1912.0,-1.0,-28.0
204,204.0,8,243.5,1948,8.680555555555556e-06,243.5,1948.0,0.0,36.0
205,205.0,8,243.5,1948,8.680555555555556e-06,243.5,1948.0,0.0,0.0
206,206.0,8,239.875,1919,8.680555555555556e-06,239.875,1919.0,0.0,-29.0
207,207.0,8,239.75,1918,8.680555555555556e-06,239.75,1918.0,0.0,-1.0
208,208.0,9,209.0,1881,9.765625e-06,209.0,1881.0,1.0,-37.0
209,209.0,8,233.75,1870,8.680555555555556e-06,233.75,1870.0,-1.0,-11.0
210,210.0,9,207.55555555555554,1868,9.765625e-06,207.55555555555554,1868.0,1.0,-2.0
211,211.0,10,179.9,1799,1.0850694444444445e-05,179.9,1799.0,1.0,-69.0
212,212.0,10,176.6,1766,1.0850694444444445e-05,176.6,1766.0,0.0,-33.0
213,213.0,10,176.8,1768,1.0850694444444445e-05,176.8,1768.0,0.0,2.0
214,214.0,10,183.7,1837,1.0850694444444445e-05,183.7,1837.0,0.0,69.0
215,215.0,10,184.0,1840,1.0850694444444445e-05,184.0,1840.0,0.0,3.0
216,216.0,10,182.9,1829,1.0850694444444445e-05,182.9,1829.0,0.0,-11.0
217,217.0,10,181.8,1818,1.0850694444444445e-05,181.8,1818.0,0.0,-11.0
218,218.0,10,186.6,1866,1.0850694444444445e-05,186.6,1866.0,0.0,48.0
219,219.0,10,186.7,1867,1.0850694444444445e-05,186.7,1867.0,0.0,1.0
220,220.0,8,229.75,1838,8.680555555555556e-06,229.75,1838.0,-2.0,-29.0
221,221.0,9,217.77777777777777,1960,9.765625e-06,217.77777777777777,1960.0,1.0,122.0
222,222.0,10,202.6,2026,1.0850694444444445e-05,202.6,2026.0,1.0,66.0
223,223.0,8,249.375,1995,8.680555555555556e-06,249.375,1995.0,-2.0,-31.0
224,224.0,9,224.88888888888889,2024,9.765625e-06,224.88888888888889,2024.0,1.0,29.0
225,225.0,9,225.0,2025,9.765625e-06,225.0,2025.0,0.0,1.0
226,226.0,9,219.44444444444446,1975,9.765625e-06,219.44444444444446,1975.0,0.0,-50.0
227,227.0,8,250.5,2004,8.680555555555556e-06,250.5,2004.0,-1.0,29.0
228,228.0,9,228.22222222222223,2054,9.765625e-06,228.22222222222223,2054.0,1.0,50.0
229,229.0,9,223.0,2007,9.765625e-06,223.0,2007.0,0.0,-47.0
230,230.0,9,206.44444444444446,1858,9.765625e-06,206.44444444444446,1858.0,0.0,-149.0
231,231.0,9,206.11111111111111,1855,9.765625e-06,206.11111111111111,1855.0,0.0,-3.0
232,232.0,8,230.75,1846,8.680555555555556e-06,230.75,1846.0,-1.0,-9.0
233,233.0,8,239.0,1912,8.680555555555556e-06,239.0,1912.0,0.0,66.0
234,234.0,9,208.55555555555554,1877,9.765625e-06,208.55555555555554,1877.0,1.0,-35.0
235,235.0,9,212.66666666666666,1914,9.765625e-06,212.66666666666666,1914.0,0.0,37.0
236,236.0,9,213.0,1917,9.765625e-06,213.0,1917.0,0.0,3.0
237,237.0,9,213.0,1917,9.765625e-06,213.0,1917.0,0.0,0.0
238,238.0,8,245.125,1961,8.680555555555556e-06,245.125,1961.0,-1.0,44.0
239,239.0,8,250.875,2007,8.680555555555556e-06,250.875,2007.0,0.0,46.0
240,240.0,8,238.25,1906,8.680555555555556e-06,238.25,1906.0,0.0,-101.0
241,241.0,9,215.44444444444446,1939,9.765625e-06,215.44444444444446,1939.0,1.0,33.0
242,242.0,9,203.44444444444446,1831,9.765625e-06,203.44444444444446,1831.0,0.0,-108.0
243,243.0,9,203.55555555555554,1832,9.765625e-06,203.55555555555554,1832.0,0.0,1.0
244,244.0,9,208.11111111111111,1873,9.765625e-06,208.11111111111111,1873.0,0.0,41.0
245,245.0,11,164.63636363636363,1811,1.193576388888889e-05,164.63636363636363,1811.0,2.0,-62.0
246,246.0,8,230.875,1847,8.680555555555556e-06,230.875,1847.0,-3.0,36.0
247,247.0,8,244.5,1956,8.680555555555556e-06,244.5,1956.0,0.0,109.0
248,248.0,7,277.14285714285717,1940,7.595486111111111e-06,277.14285714285717,1940.0,-1.0,-16.0
249,249.0,7,277.2857142857143,1941,7.595486111111111e-06,277.2857142857143,1941.0,0.0,1.0
250,250.0,8,230.375,1843,8.680555555555556e-06,230.375,1843.0,1.0,-98.0
251,251.0,6,303.3333333333333,1820,6.510416666666667e-06,303.3333333333333,1820.0,-2.0,-23.0
252,252.0,8,221.125,1769,8.680555555555556e-06,221.125,1769.0,2.0,-51.0
253,253.0,6,298.1666666666667,1789,6.510416666666667e-06,298.1666666666667,1789.0,-2.0,20.0
254,254.0,5,359.8,1799,5.4253472222222224e-06,359.8,1799.0,-1.0,10.0
255,255.0,5,360.0,1800,5.4253472222222224e-06,360.0,1800.0,0.0,1.0
256,256.0,5,340.0,1700,5.4253472222222224e-06,340.0,1700.0,0.0,-100.0
257,257.0,5,356.0,1780,5.4253472222222224e-06,356.0,1780.0,0.0,80.0
258,258.0,5,368.2,1841,5.4253472222222224e-06,368.2,1841.0,0.0,61.0
259,259.0,6,304.8333333333333,1829,6.510416666666667e-06,304.8333333333333,1829.0,1.0,-12.0
260,260.0,6,303.6666666666667,1822,6.510416666666667e-06,303.6666666666667,1822.0,0.0,-7.0
261,261.0,6,303.6666666666667,1822,6.510416666666667e-06,303.6666666666667,1822.0,0.0,0.0
262,262.0,6,295.3333333333333,1772,6.510416666666667e-06,295.3333333333333,1772.0,0.0,-50.0
263,263.0,6,287.0,1722,6.510416666666667e-06,287.0,1722.0,0.0,-50.0
264,264.0,6,273.8333333333333,1643,6.510416666666667e-06,273.8333333333333,1643.0,0.0,-79.0
265,265.0,6,280.3333333333333,1682,6.510416666666667e-06,280.3333333333333,1682.0,0.0,39.0
266,266.0,6,279.0,1674,6.510416666666667e-06,279.0,1674.0,0.0,-8.0
267,267.0,6,279.3333333333333,1676,6.510416666666667e-06,279.3333333333333,1676.0,0.0,2.0
268,268.0,6,281.5,1689,6.510416666666667e-06,281.5,1689.0,0.0,13.0
269,269.0,6,272.3333333333333,1634,6.510416666666667e-06,272.3333333333333,1634.0,0.0,-55.0
270,270.0,6,271.0,1626,6.510416666666667e-06,271.0,1626.0,0.0,-8.0
271,271.0,7,235.85714285714286,1651,7.595486111111111e-06,235.85714285714286,1651.0,1.0,25.0
272,272.0,6,285.1666666666667,1711,6.510416666666667e-06,285.1666666666667,1711.0,-1.0,60.0
273,273.0,6,285.0,1710,6.510416666666667e-06,285.0,1710.0,0.0,-1.0
274,274.0,7,250.85714285714286,1756,7.595486111111111e-06,250.85714285714286,1756.0,1.0,46.0
275,275.0,8,213.75,1710,8.680555555555556e-06,213.75,1710.0,1.0,-46.0
276,276.0,8,219.25,1754,8.680555555555556e-06,219.25,1754.0,0.0,44.0
277,277.0,8,230.375,1843,8.680555555555556e-06,230.375,1843.0,0.0,89.0
278,278.0,8,231.875,1855,8.680555555555556e-06,231.875,1855.0,0.0,12.0
279,279.0,8,231.75,1854,8.680555555555556e-06,231.75,1854.0,0.0,-1.0
280,280.0,8,228.625,1829,8.680555555555556e-06,228.625,1829.0,0.0,-25.0
281,281.0,8,233.125,1865,8.680555555555556e-06,233.125,1865.0,0.0,36.0
282,282.0,8,228.625,1829,8.680555555555556e-06,228.625,1829.0,0.0,-36.0
283,283.0,8,225.375,1803,8.680555555555556e-06,225.375,1803.0,0.0,-26.0
284,284.0,9,201.11111111111111,1810,9.765625e-06,201.11111111111111,1810.0,1.0,7.0
285,285.0,9,201.22222222222223,1811,9.765625e-06,201.22222222222223,1811.0,0.0,1.0
286,286.0,8,237.125,1897,8.680555555555556e-06,237.125,1897.0,-1.0,86.0
287,287.0,8,234.625,1877,8.680555555555556e-06,234.625,1877.0,0.0,-20.0
288,288.0,8,240.875,1927,8.680555555555556e-06,240.875,1927.0,0.0,50.0
289,289.0,7,279.0,1953,7.595486111111111e-06,279.0,1953.0,-1.0,26.0
290,290.0,7,267.2857142857143,1871,7.595486111111111e-06,267.2857142857143,1871.0,0.0,-82.0
291,291.0,7,267.0,1869,7.595486111111111e-06,267.0,1869.0,0.0,-2.0
292,292.0,8,226.25,1810,8.680555555555556e-06,226.25,1810.0,1.0,-59.0
293,293.0,8,225.25,1802,8.680555555555556e-06,225.25,1802.0,0.0,-8.0
294,294.0,8,224.0,1792,8.680555555555556e-06,224.0,1792.0,0.0,-10.0
295,295.0,8,227.375,1819,8.680555555555556e-06,227.375,1819.0,0.0,27.0
296,296.0,8,232.375,1859,8.680555555555556e-06,232.375,1859.0,0.0,40.0
297,297.0,8,232.625,1861,8.680555555555556e-06,232.625,1861.0,0.0,2.0
298,298.0,8,227.5,1820,8.680555555555556e-06,227.5,1820.0,0.0,-41.0
299,299.0,8,228.0,1824,8.680555555555556e-06,228.0,1824.0,0.0,4.0
300,300.0,8,234.0,1872,8.680555555555556e-06,234.0,1872.0,0.0,48.0
301,301.0,9,198.55555555555554,1787,9.765625e-06,198.55555555555554,1787.0,1.0,-85.0
302,302.0,9,198.22222222222223,1784,9.765625e-06,198.22222222222223,1784.0,0.0,-3.0
303,303.0,9,198.11111111111111,1783,9.765625e-06,198.11111111111111,1783.0,0.0,-1.0
304,304.0,8,228.875,1831,8.680555555555556e-06,228.875,1831.0,-1.0,48.0
305,305.0,9,200.33333333333334,1803,9.765625e-06,200.33333333333334,1803.0,1.0,-28.0
306,306.0,8,228.625,1829,8.680555555555556e-06,228.625,1829.0,-1.0,26.0
307,307.0,9,195.77777777777777,1762,9.765625e-06,195.77777777777777,1762.0,1.0,-67.0
308,308.0,9,186.66666666666666,1680,9.765625e-06,186.66666666666666,1680.0,0.0,-82.0
309,309.0,9,186.22222222222223,1676,9.765625e-06,186.22222222222223,1676.0,0.0,-4.0
310,310.0,8,203.0,1624,8.680555555555556e-06,203.0,1624.0,-1.0,-52.0
311,311.0,8,198.125,1585,8.680555555555556e-06,198.125,1585.0,0.0,-39.0
312,312.0,8,189.25,1514,8.680555555555556e-06,189.25,1514.0,0.0,-71.0
313,313.0,9,174.44444444444446,1570,9.765625e-06,174.44444444444446,1570.0,1.0,56.0
314,314.0,9,174.44444444444446,1570,9.765625e-06,174.44444444444446,1570.0,0.0,0.0
315,315.0,9,175.22222222222223,1577,9.765625e-06,175.22222222222223,1577.0,0.0,7.0
316,316.0,9,181.88888888888889,1637,9.765625e-06,181.88888888888889,1637.0,0.0,60.0
317,317.0,8,198.875,1591,8.680555555555556e-06,198.875,1591.0,-1.0,-46.0
318,318.0,7,226.71428571428572,1587,7.595486111111111e-06,226.71428571428572,1587.0,-1.0,-4.0
319,319.0,7,223.42857142857142,1564,7.595486111111111e-06,223.42857142857142,1564.0,0.0,-23.0
320,320.0,7,224.71428571428572,1573,7.595486111111111e-06,224.71428571428572,1573.0,0.0,9.0
321,321.0,7,227.14285714285714,1590,7.595486111111111e-06,227.14285714285714,1590.0,0.0,17.0
322,322.0,7,226.0,1582,7.595486111111111e-06,226.0,1582.0,0.0,-8.0
323,323.0,7,222.85714285714286,1560,7.595486111111111e-06,222.85714285714286,1560.0,0.0,-22.0
324,324.0,7,227.71428571428572,1594,7.595486111111111e-06,227.71428571428572,1594.0,0.0,34.0
325,325.0,7,231.0,1617,7.595486111111111e-06,231.0,1617.0,0.0,23.0
326,326.0,7,226.42857142857142,1585,7.595486111111111e-06,226.42857142857142,1585.0,0.0,-32.0
327,327.0,7,226.14285714285714,1583,7.595486111111111e-06,226.14285714285714,1583.0,0.0,-2.0
328,328.0,7,236.85714285714286,1658,7.595486111111111e-06,236.85714285714286,1658.0,0.0,75.0
329,329.0,6,300.5,1803,6.510416666666667e-06,300.5,1803.0,-1.0,145.0
330,330.0,8,210.125,1681,8.680555555555556e-06,210.125,1681.0,2.0,-122.0
331,331.0,8,209.375,1675,8.680555555555556e-06,209.375,1675.0,0.0,-6.0
332,332.0,8,202.125,1617,8.680555555555556e-06,202.125,1617.0,0.0,-58.0
333,333.0,8,202.0,1616,8.680555555555556e-06,202.0,1616.0,0.0,-1.0
334,334.0,8,201.75,1614,8.680555555555556e-06,201.75,1614.0,0.0,-2.0
335,335.0,8,202.125,1617,8.680555555555556e-06,202.125,1617.0,0.0,3.0
336,336.0,8,205.75,1646,8.680555555555556e-06,205.75,1646.0,0.0,29.0
337,337.0,8,212.25,1698,8.680555555555556e-06,212.25,1698.0,0.0,52.0
338,338.0,9,182.55555555555554,1643,9.765625e-06,182.55555555555554,1643.0,1.0,-55.0
339,339.0,9,182.66666666666666,1644,9.765625e-06,182.66666666666666,1644.0,0.0,1.0
340,340.0,9,185.66666666666666,1671,9.765625e-06,185.66666666666666,1671.0,0.0,27.0
341,341.0,9,183.44444444444446,1651,9.765625e-06,183.44444444444446,1651.0,0.0,-20.0
342,342.0,9,184.11111111111111,1657,9.765625e-06,184.11111111111111,1657.0,0.0,6.0
343,343.0,9,189.77777777777777,1708,9.765625e-06,189.77777777777777,1708.0,0.0,51.0
344,344.0,9,187.11111111111111,1684,9.765625e-06,187.11111111111111,1684.0,0.0,-24.0
345,345.0,9,187.11111111111111,1684,9.765625e-06,187.11111111111111,1684.0,0.0,0.0
346,346.0,9,187.77777777777777,1690,9.765625e-06,187.77777777777777,1690.0,0.0,6.0
347,347.0,9,188.66666666666666,1698,9.765625e-06,188.66666666666666,1698.0,0.0,8.0
348,348.0,9,188.22222222222223,1694,9.765625e-06,188.22222222222223,1694.0,0.0,-4.0
349,349.0,9,190.44444444444446,1714,9.765625e-06,190.44444444444446,1714.0,0.0,20.0
350,350.0,9,189.77777777777777,1708,9.765625e-06,189.77777777777777,1708.0,0.0,-6.0
351,351.0,9,189.55555555555554,1706,9.765625e-06,189.55555555555554,1706.0,0.0,-2.0
352,352.0,9,189.44444444444446,1705,9.765625e-06,189.44444444444446,1705.0,0.0,-1.0
353,353.0,9,185.0,1665,9.765625e-06,185.0,1665.0,0.0,-40.0
354,354.0,9,190.22222222222223,1712,9.765625e-06,190.22222222222223,1712.0,0.0,47.0
355,355.0,9,183.55555555555554,1652,9.765625e-06,183.55555555555554,1652.0,0.0,-60.0
356,356.0,9,179.66666666666666,1617,9.765625e-06,179.66666666666666,1617.0,0.0,-35.0
357,357.0,9,179.88888888888889,1619,9.765625e-06,179.88888888888889,1619.0,0.0,2.0
358,358.0,8,201.0,1608,8.680555555555556e-06,201.0,1608.0,-1.0,-11.0
359,359.0,9,178.22222222222223,1604,9.765625e-06,178.22222222222223,1604.0,1.0,-4.0
360,360.0,9,180.11111111111111,1621,9.765625e-06,180.11111111111111,1621.0,0.0,17.0
361,361.0,8,215.625,1725,8.680555555555556e-06,215.625,1725.0,-1.0,104.0
362,362.0,9,179.11111111111111,1612,9.765625e-06,179.11111111111111,1612.0,1.0,-113.0
363,363.0,9,179.0,1611,9.765625e-06,179.0,1611.0,0.0,-1.0
364,364.0,9,174.0,1566,9.765625e-06,174.0,1566.0,0.0,-45.0
365,365.0,9,174.22222222222223,1568,9.765625e-06,174.22222222222223,1568.0,0.0,2.0
366,366.0,9,175.11111111111111,1576,9.765625e-06,175.11111111111111,1576.0,0.0,8.0
367,367.0,8,208.875,1671,8.680555555555556e-06,208.875,1671.0,-1.0,95.0
368,368.0,7,248.14285714285714,1737,7.595486111111111e-06,248.14285714285714,1737.0,-1.0,66.0
369,369.0,7,248.85714285714286,1742,7.595486111111111e-06,248.85714285714286,1742.0,0.0,5.0
370,370.0,8,217.75,1742,8.680555555555556e-06,217.75,1742.0,1.0,0.0
371,371.0,8,217.125,1737,8.680555555555556e-06,217.125,1737.0,0.0,-5.0
372,372.0,8,212.0,1696,8.680555555555556e-06,212.0,1696.0,0.0,-41.0
373,373.0,9,184.77777777777777,1663,9.765625e-06,184.77777777777777,1663.0,1.0,-33.0
374,374.0,8,207.125,1657,8.680555555555556e-06,207.125,1657.0,-1.0,-6.0
375,375.0,8,206.375,1651,8.680555555555556e-06,206.375,1651.0,0.0,-6.0
376,376.0,8,208.75,1670,8.680555555555556e-06,208.75,1670.0,0.0,19.0
377,377.0,8,206.875,1655,8.680555555555556e-06,206.875,1655.0,0.0,-15.0
378,378.0,8,209.875,1679,8.680555555555556e-06,209.875,1679.0,0.0,24.0
379,379.0,7,237.85714285714286,1665,7.595486111111111e-06,237.85714285714286,1665.0,-1.0,-14.0
380,380.0,7,243.14285714285714,1702,7.595486111111111e-06,243.14285714285714,1702.0,0.0,37.0
381,381.0,7,243.0,1701,7.595486111111111e-06,243.0,1701.0,0.0,-1.0
382,382.0,7,241.85714285714286,1693,7.595486111111111e-06,241.85714285714286,1693.0,0.0,-8.0
383,383.0,7,242.42857142857142,1697,7.595486111111111e-06,242.42857142857142,1697.0,0.0,4.0
384,384.0,7,244.28571428571428,1710,7.595486111111111e-06,244.28571428571428,1710.0,0.0,13.0
385,385.0,7,252.42857142857142,1767,7.595486111111111e-06,252.42857142857142,1767.0,0.0,57.0
386,386.0,7,250.71428571428572,1755,7.595486111111111e-06,250.71428571428572,1755.0,0.0,-12.0
387,387.0,7,250.71428571428572,1755,7.595486111111111e-06,250.71428571428572,1755.0,0.0,0.0
388,388.0,7,239.57142857142858,1677,7.595486111111111e-06,239.57142857142858,1677.0,0.0,-78.0
389,389.0,7,238.42857142857142,1669,7.595486111111111e-06,238.42857142857142,1669.0,0.0,-8.0
390,390.0,7,241.0,1687,7.595486111111111e-06,241.0,1687.0,0.0,18.0
391,391.0,7,232.85714285714286,1630,7.595486111111111e-06,232.85714285714286,1630.0,0.0,-57.0
392,392.0,7,240.71428571428572,1685,7.595486111111111e-06,240.71428571428572,1685.0,0.0,55.0
393,393.0,7,242.14285714285714,1695,7.595486111111111e-06,242.14285714285714,1695.0,0.0,10.0
394,394.0,7,231.14285714285714,1618,7.595486111111111e-06,231.14285714285714,1618.0,0.0,-77.0
395,395.0,7,230.28571428571428,1612,7.595486111111111e-06,230.28571428571428,1612.0,0.0,-6.0
396,396.0,6,255.66666666666666,1534,6.510416666666667e-06,255.66666666666666,1534.0,-1.0,-78.0
397,397.0,8,189.0,1512,8.680555555555556e-06,189.0,1512.0,2.0,-22.0
398,398.0,7,218.42857142857142,1529,7.595486111111111e-06,218.42857142857142,1529.0,-1.0,17.0
399,399.0,7,218.14285714285714,1527,7.595486111111111e-06,218.14285714285714,1527.0,0.0,-2.0
400,400.0,7,223.0,1561,7.595486111111111e-06,223.0,1561.0,0.0,34.0
401,401.0,7,219.57142857142858,1537,7.595486111111111e-06,219.57142857142858,1537.0,0.0,-24.0
402,402.0,8,192.125,1537,8.680555555555556e-06,192.125,1537.0,1.0,0.0
403,403.0,8,185.625,1485,8.680555555555556e-06,185.625,1485.0,0.0,-52.0
404,404.0,8,185.5,1484,8.680555555555556e-06,185.5,1484.0,0.0,-1.0
405,405.0,9,172.66666666666666,1554,9.765625e-06,172.66666666666666,1554.0,1.0,70.0
406,406.0,9,172.66666666666666,1554,9.765625e-06,172.66666666666666,1554.0,0.0,0.0
407,407.0,9,173.0,1557,9.765625e-06,173.0,1557.0,0.0,3.0
408,408.0,9,171.88888888888889,1547,9.765625e-06,171.88888888888889,1547.0,0.0,-10.0
409,409.0,9,173.55555555555554,1562,9.765625e-06,173.55555555555554,1562.0,0.0,15.0
410,410.0,9,178.88888888888889,1610,9.765625e-06,178.88888888888889,1610.0,0.0,48.0
411,411.0,9,179.44444444444446,1615,9.765625e-06,179.44444444444446,1615.0,0.0,5.0
412,412.0,9,179.55555555555554,1616,9.765625e-06,179.55555555555554,1616.0,0.0,1.0
413,413.0,9,174.44444444444446,1570,9.765625e-06,174.44444444444446,1570.0,0.0,-46.0
414,414.0,9,173.0,1557,9.765625e-06,173.0,1557.0,0.0,-13.0
415,415.0,9,170.0,1530,9.765625e-06,170.0,1530.0,0.0,-27.0
416,416.0,9,170.44444444444446,1534,9.765625e-06,170.44444444444446,1534.0,0.0,4.0
417,417.0,9,171.22222222222223,1541,9.765625e-06,171.22222222222223,1541.0,0.0,7.0
418,418.0,9,170.77777777777777,1537,9.765625e-06,170.77777777777777,1537.0,0.0,-4.0
419,419.0,9,171.0,1539,9.765625e-06,171.0,1539.0,0.0,2.0
420,420.0,9,173.11111111111111,1558,9.765625e-06,173.11111111111111,1558.0,0.0,19.0
421,421.0,9,176.11111111111111,1585,9.765625e-06,176.11111111111111,1585.0,0.0,27.0
422,422.0,9,176.66666666666666,1590,9.765625e-06,176.66666666666666,1590.0,0.0,5.0
423,423.0,9,174.77777777777777,1573,9.765625e-06,174.77777777777777,1573.0,0.0,-17.0
424,424.0,9,174.77777777777777,1573,9.765625e-06,174.77777777777777,1573.0,0.0,0.0
425,425.0,9,173.88888888888889,1565,9.765625e-06,173.88888888888889,1565.0,0.0,-8.0
426,426.0,9,173.77777777777777,1564,9.765625e-06,173.77777777777777,1564.0,0.0,-1.0
427,427.0,8,206.875,1655,8.680555555555556e-06,206.875,1655.0,-1.0,91.0
428,428.0,8,207.5,1660,8.680555555555556e-06,207.5,1660.0,0.0,5.0
429,429.0,8,201.625,1613,8.680555555555556e-06,201.625,1613.0,0.0,-47.0
430,430.0,8,202.125,1617,8.680555555555556e-06,202.125,1617.0,0.0,4.0
431,431.0,8,192.375,1539,8.680555555555556e-06,192.375,1539.0,0.0,-78.0
432,432.0,8,191.375,1531,8.680555555555556e-06,191.375,1531.0,0.0,-8.0
433,433.0,8,187.25,1498,8.680555555555556e-06,187.25,1498.0,0.0,-33.0
434,434.0,8,186.0,1488,8.680555555555556e-06,186.0,1488.0,0.0,-10.0
435,435.0,8,184.625,1477,8.680555555555556e-06,184.625,1477.0,0.0,-11.0
436,436.0,8,184.625,1477,8.680555555555556e-06,184.625,1477.0,0.0,0.0
437,437.0,8,185.625,1485,8.680555555555556e-06,185.625,1485.0,0.0,8.0
438,438.0,8,187.375,1499,8.680555555555556e-06,187.375,1499.0,0.0,14.0
439,439.0,8,194.25,1554,8.680555555555556e-06,194.25,1554.0,0.0,55.0
440,440.0,8,185.75,1486,8.680555555555556e-06,185.75,1486.0,0.0,-68.0
441,441.0,8,184.625,1477,8.680555555555556e-06,184.625,1477.0,0.0,-9.0
442,442.0,8,184.875,1479,8.680555555555556e-06,184.875,1479.0,0.0,2.0
443,443.0,8,186.0,1488,8.680555555555556e-06,186.0,1488.0,0.0,9.0
444,444.0,8,192.0,1536,8.680555555555556e-06,192.0,1536.0,0.0,48.0
445,445.0,8,195.5,1564,8.680555555555556e-06,195.5,1564.0,0.0,28.0
446,446.0,8,196.625,1573,8.680555555555556e-06,196.625,1573.0,0.0,9.0
447,447.0,8,201.875,1615,8.680555555555556e-06,201.875,1615.0,0.0,42.0
448,448.0,8,201.375,1611,8.680555555555556e-06,201.375,1611.0,0.0,-4.0
449,449.0,8,197.75,1582,8.680555555555556e-06,197.75,1582.0,0.0,-29.0
450,450.0,8,187.375,1499,8.680555555555556e-06,187.375,1499.0,0.0,-83.0
451,451.0,7,215.57142857142858,1509,7.595486111111111e-06,215.57142857142858,1509.0,-1.0,10.0
452,452.0,7,213.42857142857142,1494,7.595486111111111e-06,213.42857142857142,1494.0,0.0,-15.0
453,453.0,8,188.375,1507,8.680555555555556e-06,188.375,1507.0,1.0,13.0
454,454.0,8,188.375,1507,8.680555555555556e-06,188.375,1507.0,0.0,0.0
455,455.0,8,206.25,1650,8.680555555555556e-06,206.25,1650.0,0.0,143.0
456,456.0,7,243.42857142857142,1704,7.595486111111111e-06,243.42857142857142,1704.0,-1.0,54.0
457,457.0,7,240.85714285714286,1686,7.595486111111111e-06,240.85714285714286,1686.0,0.0,-18.0
458,458.0,9,181.44444444444446,1633,9.765625e-06,181.44444444444446,1633.0,2.0,-53.0
459,459.0,8,202.625,1621,8.680555555555556e-06,202.625,1621.0,-1.0,-12.0
460,460.0,8,202.0,1616,8.680555555555556e-06,202.0,1616.0,0.0,-5.0
461,461.0,8,195.75,1566,8.680555555555556e-06,195.75,1566.0,0.0,-50.0
462,462.0,9,174.55555555555554,1571,9.765625e-06,174.55555555555554,1571.0,1.0,5.0
463,463.0,8,196.625,1573,8.680555555555556e-06,196.625,1573.0,-1.0,2.0
464,464.0,7,232.57142857142858,1628,7.595486111111111e-06,232.57142857142858,1628.0,-1.0,55.0
465,465.0,7,233.71428571428572,1636,7.595486111111111e-06,233.71428571428572,1636.0,0.0,8.0
466,466.0,7,233.71428571428572,1636,7.595486111111111e-06,233.71428571428572,1636.0,0.0,0.0
467,467.0,8,205.0,1640,8.680555555555556e-06,205.0,1640.0,1.0,4.0
468,468.0,8,201.25,1610,8.680555555555556e-06,201.25,1610.0,0.0,-30.0
469,469.0,8,205.25,1642,8.680555555555556e-06,205.25,1642.0,0.0,32.0
470,470.0,8,203.125,1625,8.680555555555556e-06,203.125,1625.0,0.0,-17.0
471,471.0,8,205.0,1640,8.680555555555556e-06,205.0,1640.0,0.0,15.0
472,472.0,8,204.875,1639,8.680555555555556e-06,204.875,1639.0,0.0,-1.0
473,473.0,8,209.875,1679,8.680555555555556e-06,209.875,1679.0,0.0,40.0
474,474.0,8,201.5,1612,8.680555555555556e-06,201.5,1612.0,0.0,-67.0
475,475.0,8,207.25,1658,8.680555555555556e-06,207.25,1658.0,0.0,46.0
476,476.0,8,205.125,1641,8.680555555555556e-06,205.125,1641.0,0.0,-17.0
477,477.0,8,204.875,1639,8.680555555555556e-06,204.875,1639.0,0.0,-2.0
478,478.0,8,204.375,1635,8.680555555555556e-06,204.375,1635.0,0.0,-4.0
479,479.0,8,203.125,1625,8.680555555555556e-06,203.125,1625.0,0.0,-10.0
480,480.0,8,203.75,1630,8.680555555555556e-06,203.75,1630.0,0.0,5.0
481,481.0,8,205.0,1640,8.680555555555556e-06,205.0,1640.0,0.0,10.0
482,482.0,8,207.0,1656,8.680555555555556e-06,207.0,1656.0,0.0,16.0
483,483.0,8,206.5,1652,8.680555555555556e-06,206.5,1652.0,0.0,-4.0
484,484.0,8,206.5,1652,8.680555555555556e-06,206.5,1652.0,0.0,0.0
485,485.0,8,206.125,1649,8.680555555555556e-06,206.125,1649.0,0.0,-3.0
486,486.0,8,210.0,1680,8.680555555555556e-06,210.0,1680.0,0.0,31.0
487,487.0,8,206.625,1653,8.680555555555556e-06,206.625,1653.0,0.0,-27.0
488,488.0,8,205.5,1644,8.680555555555556e-06,205.5,1644.0,0.0,-9.0
489,489.0,8,206.0,1648,8.680555555555556e-06,206.0,1648.0,0.0,4.0
490,490.0,8,205.75,1646,8.680555555555556e-06,205.75,1646.0,0.0,-2.0
491,491.0,8,206.625,1653,8.680555555555556e-06,206.625,1653.0,0.0,7.0
492,492.0,8,202.0,1616,8.680555555555556e-06,202.0,1616.0,0.0,-37.0
493,493.0,8,191.0,1528,8.680555555555556e-06,191.0,1528.0,0.0,-88.0
494,494.0,9,170.22222222222223,1532,9.765625e-06,170.22222222222223,1532.0,1.0,4.0
495,495.0,9,171.77777777777777,1546,9.765625e-06,171.77777777777777,1546.0,0.0,14.0
496,496.0,9,171.66666666666666,1545,9.765625e-06,171.66666666666666,1545.0,0.0,-1.0
497,497.0,10,155.1,1551,1.0850694444444445e-05,155.1,1551.0,1.0,6.0
498,498.0,10,156.5,1565,1.0850694444444445e-05,156.5,1565.0,0.0,14.0
499,499.0,10,162.7,1627,1.0850694444444445e-05,162.7,1627.0,0.0,62.0
500,500.0,10,164.1,1641,1.0850694444444445e-05,164.1,1641.0,0.0,14.0
501,501.0,10,163.9,1639,1.0850694444444445e-05,163.9,1639.0,0.0,-2.0
502,502.0,10,163.8,1638,1.0850694444444445e-05,163.8,1638.0,0.0,-1.0
503,503.0,10,163.2,1632,1.0850694444444445e-05,163.2,1632.0,0.0,-6.0
504,504.0,9,185.77777777777777,1672,9.765625e-06,185.77777777777777,1672.0,-1.0,40.0
505,505.0,9,182.33333333333334,1641,9.765625e-06,182.33333333333334,1641.0,0.0,-31.0
506,506.0,8,204.0,1632,8.680555555555556e-06,204.0,1632.0,-1.0,-9.0
507,507.0,8,202.0,1616,8.680555555555556e-06,202.0,1616.0,0.0,-16.0
508,508.0,8,202.5,1620,8.680555555555556e-06,202.5,1620.0,0.0,4.0
509,509.0,8,196.5,1572,8.680555555555556e-06,196.5,1572.0,0.0,-48.0
510,510.0,8,191.375,1531,8.680555555555556e-06,191.375,1531.0,0.0,-41.0
511,511.0,7,208.14285714285714,1457,7.595486111111111e-06,208.14285714285714,1457.0,-1.0,-74.0
512,512.0,7,215.28571428571428,1507,7.595486111111111e-06,215.28571428571428,1507.0,0.0,50.0
513,513.0,8,179.125,1433,8.680555555555556e-06,179.125,1433.0,1.0,-74.0
514,514.0,8,179.375,1435,8.680555555555556e-06,179.375,1435.0,0.0,2.0
515,515.0,7,202.71428571428572,1419,7.595486111111111e-06,202.71428571428572,1419.0,-1.0,-16.0
516,516.0,7,201.0,1407,7.595486111111111e-06,201.0,1407.0,0.0,-12.0
517,517.0,7,200.85714285714286,1406,7.595486111111111e-06,200.85714285714286,1406.0,0.0,-1.0
518,518.0,7,201.0,1407,7.595486111111111e-06,201.0,1407.0,0.0,1.0
519,519.0,7,200.71428571428572,1405,7.595486111111111e-06,200.71428571428572,1405.0,0.0,-2.0
520,520.0,7,201.28571428571428,1409,7.595486111111111e-06,201.28571428571428,1409.0,0.0,4.0
521,521.0,7,201.85714285714286,1413,7.595486111111111e-06,201.85714285714286,1413.0,0.0,4.0
522,522.0,7,199.71428571428572,1398,7.595486111111111e-06,199.71428571428572,1398.0,0.0,-15.0
523,523.0,7,200.42857142857142,1403,7.595486111111111e-06,200.42857142857142,1403.0,0.0,5.0
524,524.0,7,197.14285714285714,1380,7.595486111111111e-06,197.14285714285714,1380.0,0.0,-23.0
525,525.0,7,196.57142857142858,1376,7.595486111111111e-06,196.57142857142858,1376.0,0.0,-4.0
526,526.0,7,196.57142857142858,1376,7.595486111111111e-06,196.57142857142858,1376.0,0.0,0.0
527,527.0,7,196.85714285714286,1378,7.595486111111111e-06,196.85714285714286,1378.0,0.0,2.0
528,528.0,7,201.71428571428572,1412,7.595486111111111e-06,201.71428571428572,1412.0,0.0,34.0
529,529.0,7,203.57142857142858,1425,7.595486111111111e-06,203.57142857142858,1425.0,0.0,13.0
530,530.0,7,204.0,1428,7.595486111111111e-06,204.0,1428.0,0.0,3.0
531,531.0,7,206.14285714285714,1443,7.595486111111111e-06,206.14285714285714,1443.0,0.0,15.0
532,532.0,7,206.42857142857142,1445,7.595486111111111e-06,206.42857142857142,1445.0,0.0,2.0
533,533.0,7,203.42857142857142,1424,7.595486111111111e-06,203.42857142857142,1424.0,0.0,-21.0
534,534.0,7,202.28571428571428,1416,7.595486111111111e-06,202.28571428571428,1416.0,0.0,-8.0
535,535.0,7,199.57142857142858,1397,7.595486111111111e-06,199.57142857142858,1397.0,0.0,-19.0
536,536.0,7,201.14285714285714,1408,7.595486111111111e-06,201.14285714285714,1408.0,0.0,11.0
537,537.0,7,203.28571428571428,1423,7.595486111111111e-06,203.28571428571428,1423.0,0.0,15.0
538,538.0,7,203.0,1421,7.595486111111111e-06,203.0,1421.0,0.0,-2.0
539,539.0,7,206.14285714285714,1443,7.595486111111111e-06,206.14285714285714,1443.0,0.0,22.0
540,540.0,7,202.57142857142858,1418,7.595486111111111e-06,202.57142857142858,1418.0,0.0,-25.0
541,541.0,7,204.57142857142858,1432,7.595486111111111e-06,204.57142857142858,1432.0,0.0,14.0
542,542.0,6,241.5,1449,6.510416666666667e-06,241.5,1449.0,-1.0,17.0
543,543.0,6,244.33333333333334,1466,6.510416666666667e-06,244.33333333333334,1466.0,0.0,17.0
544,544.0,6,244.33333333333334,1466,6.510416666666667e-06,244.33333333333334,1466.0,0.0,0.0
545,545.0,7,206.57142857142858,1446,7.595486111111111e-06,206.57142857142858,1446.0,1.0,-20.0
546,546.0,7,204.28571428571428,1430,7.595486111111111e-06,204.28571428571428,1430.0,0.0,-16.0
547,547.0,7,201.57142857142858,1411,7.595486111111111e-06,201.57142857142858,1411.0,0.0,-19.0
548,548.0,7,204.0,1428,7.595486111111111e-06,204.0,1428.0,0.0,17.0
549,549.0,7,202.57142857142858,1418,7.595486111111111e-06,202.57142857142858,1418.0,0.0,-10.0
550,550.0,7,202.57142857142858,1418,7.595486111111111e-06,202.57142857142858,1418.0,0.0,0.0
551,551.0,7,203.28571428571428,1423,7.595486111111111e-06,203.28571428571428,1423.0,0.0,5.0
552,552.0,6,235.16666666666666,1411,6.510416666666667e-06,235.16666666666666,1411.0,-1.0,-12.0
553,553.0,6,222.16666666666666,1333,6.510416666666667e-06,222.16666666666666,1333.0,0.0,-78.0
554,554.0,6,232.5,1395,6.510416666666667e-06,232.5,1395.0,0.0,62.0
555,555.0,5,291.8,1459,5.4253472222222224e-06,291.8,1459.0,-1.0,64.0
556,556.0,5,291.8,1459,5.4253472222222224e-06,291.8,1459.0,0.0,0.0
557,557.0,5,284.6,1423,5.4253472222222224e-06,284.6,1423.0,0.0,-36.0
558,558.0,5,303.4,1517,5.4253472222222224e-06,303.4,1517.0,0.0,94.0
559,559.0,6,243.66666666666666,1462,6.510416666666667e-06,243.66666666666666,1462.0,1.0,-55.0
560,560.0,6,238.0,1428,6.510416666666667e-06,238.0,1428.0,0.0,-34.0
561,561.0,7,198.14285714285714,1387,7.595486111111111e-06,198.14285714285714,1387.0,1.0,-41.0
562,562.0,7,197.57142857142858,1383,7.595486111111111e-06,197.57142857142858,1383.0,0.0,-4.0
563,563.0,7,195.71428571428572,1370,7.595486111111111e-06,195.71428571428572,1370.0,0.0,-13.0
564,564.0,7,199.85714285714286,1399,7.595486111111111e-06,199.85714285714286,1399.0,0.0,29.0
565,565.0,6,233.66666666666666,1402,6.510416666666667e-06,233.66666666666666,1402.0,-1.0,3.0
566,566.0,6,233.16666666666666,1399,6.510416666666667e-06,233.16666666666666,1399.0,0.0,-3.0
567,567.0,6,225.5,1353,6.510416666666667e-06,225.5,1353.0,0.0,-46.0
568,568.0,6,226.0,1356,6.510416666666667e-06,226.0,1356.0,0.0,3.0
569,569.0,6,225.66666666666666,1354,6.510416666666667e-06,225.66666666666666,1354.0,0.0,-2.0
570,570.0,6,227.5,1365,6.510416666666667e-06,227.5,1365.0,0.0,11.0
571,571.0,6,227.5,1365,6.510416666666667e-06,227.5,1365.0,0.0,0.0
572,572.0,6,231.0,1386,6.510416666666667e-06,231.0,1386.0,0.0,21.0
573,573.0,6,230.66666666666666,1384,6.510416666666667e-06,230.66666666666666,1384.0,0.0,-2.0
574,574.0,6,231.33333333333334,1388,6.510416666666667e-06,231.33333333333334,1388.0,0.0,4.0
575,575.0,6,229.83333333333334,1379,6.510416666666667e-06,229.83333333333334,1379.0,0.0,-9.0
576,576.0,6,231.33333333333334,1388,6.510416666666667e-06,231.33333333333334,1388.0,0.0,9.0
577,577.0,6,231.66666666666666,1390,6.510416666666667e-06,231.66666666666666,1390.0,0.0,2.0
578,578.0,6,233.83333333333334,1403,6.510416666666667e-06,233.83333333333334,1403.0,0.0,13.0
579,579.0,7,212.71428571428572,1489,7.595486111111111e-06,212.71428571428572,1489.0,1.0,86.0
580,580.0,7,212.71428571428572,1489,7.595486111111111e-06,212.71428571428572,1489.0,0.0,0.0
581,581.0,7,217.42857142857142,1522,7.595486111111111e-06,217.42857142857142,1522.0,0.0,33.0
582,582.0,7,219.28571428571428,1535,7.595486111111111e-06,219.28571428571428,1535.0,0.0,13.0
583,583.0,7,219.28571428571428,1535,7.595486111111111e-06,219.28571428571428,1535.0,0.0,0.0
584,584.0,7,220.57142857142858,1544,7.595486111111111e-06,220.57142857142858,1544.0,0.0,9.0
585,585.0,7,222.85714285714286,1560,7.595486111111111e-06,222.85714285714286,1560.0,0.0,16.0
586,586.0,7,223.28571428571428,1563,7.595486111111111e-06,223.28571428571428,1563.0,0.0,3.0
587,587.0,7,222.85714285714286,1560,7.595486111111111e-06,222.85714285714286,1560.0,0.0,-3.0
588,588.0,7,224.0,1568,7.595486111111111e-06,224.0,1568.0,0.0,8.0
589,589.0,7,224.85714285714286,1574,7.595486111111111e-06,224.85714285714286,1574.0,0.0,6.0
590,590.0,7,232.14285714285714,1625,7.595486111111111e-06,232.14285714285714,1625.0,0.0,51.0
591,591.0,7,233.0,1631,7.595486111111111e-06,233.0,1631.0,0.0,6.0
592,592.0,7,233.14285714285714,1632,7.595486111111111e-06,233.14285714285714,1632.0,0.0,1.0
593,593.0,7,228.28571428571428,1598,7.595486111111111e-06,228.28571428571428,1598.0,0.0,-34.0
594,594.0,7,219.57142857142858,1537,7.595486111111111e-06,219.57142857142858,1537.0,0.0,-61.0
595,595.0,7,214.71428571428572,1503,7.595486111111111e-06,214.71428571428572,1503.0,0.0,-34.0
596,596.0,7,209.71428571428572,1468,7.595486111111111e-06,209.71428571428572,1468.0,0.0,-35.0
597,597.0,7,209.42857142857142,1466,7.595486111111111e-06,209.42857142857142,1466.0,0.0,-2.0
598,598.0,7,203.71428571428572,1426,7.595486111111111e-06,203.71428571428572,1426.0,0.0,-40.0
599,599.0,7,203.85714285714286,1427,7.595486111111111e-06,203.85714285714286,1427.0,0.0,1.0
600,600.0,7,202.28571428571428,1416,7.595486111111111e-06,202.28571428571428,1416.0,0.0,-11.0
601,601.0,7,202.85714285714286,1420,7.595486111111111e-06,202.85714285714286,1420.0,0.0,4.0
602,602.0,7,204.71428571428572,1433,7.595486111111111e-06,204.71428571428572,1433.0,0.0,13.0
603,603.0,7,200.28571428571428,1402,7.595486111111111e-06,200.28571428571428,1402.0,0.0,-31.0
604,604.0,8,180.375,1443,8.680555555555556e-06,180.375,1443.0,1.0,41.0
605,605.0,8,180.375,1443,8.680555555555556e-06,180.375,1443.0,0.0,0.0
606,606.0,8,181.125,1449,8.680555555555556e-06,181.125,1449.0,0.0,6.0
607,607.0,9,166.55555555555554,1499,9.765625e-06,166.55555555555554,1499.0,1.0,50.0
608,608.0,8,192.375,1539,8.680555555555556e-06,192.375,1539.0,-1.0,40.0
609,609.0,8,193.25,1546,8.680555555555556e-06,193.25,1546.0,0.0,7.0
610,610.0,9,175.88888888888889,1583,9.765625e-06,175.88888888888889,1583.0,1.0,37.0
611,611.0,9,175.77777777777777,1582,9.765625e-06,175.77777777777777,1582.0,0.0,-1.0
612,612.0,9,181.22222222222223,1631,9.765625e-06,181.22222222222223,1631.0,0.0,49.0
613,613.0,8,210.75,1686,8.680555555555556e-06,210.75,1686.0,-1.0,55.0
614,614.0,8,210.875,1687,8.680555555555556e-06,210.875,1687.0,0.0,1.0
615,615.0,9,173.66666666666666,1563,9.765625e-06,173.66666666666666,1563.0,1.0,-124.0
616,616.0,10,165.8,1658,1.0850694444444445e-05,165.8,1658.0,1.0,95.0
617,617.0,10,165.2,1652,1.0850694444444445e-05,165.2,1652.0,0.0,-6.0
618,618.0,9,170.66666666666666,1536,9.765625e-06,170.66666666666666,1536.0,-1.0,-116.0
619,619.0,9,172.66666666666666,1554,9.765625e-06,172.66666666666666,1554.0,0.0,18.0
620,620.0,10,158.5,1585,1.0850694444444445e-05,158.5,1585.0,1.0,31.0
621,621.0,10,165.8,1658,1.0850694444444445e-05,165.8,1658.0,0.0,73.0
622,622.0,9,179.44444444444446,1615,9.765625e-06,179.44444444444446,1615.0,-1.0,-43.0
623,623.0,9,179.88888888888889,1619,9.765625e-06,179.88888888888889,1619.0,0.0,4.0
624,624.0,9,195.33333333333334,1758,9.765625e-06,195.33333333333334,1758.0,0.0,139.0
625,625.0,8,224.625,1797,8.680555555555556e-06,224.625,1797.0,-1.0,39.0
626,626.0,8,227.5,1820,8.680555555555556e-06,227.5,1820.0,0.0,23.0
627,627.0,9,191.44444444444446,1723,9.765625e-06,191.44444444444446,1723.0,1.0,-97.0
628,628.0,10,156.2,1562,1.0850694444444445e-05,156.2,1562.0,1.0,-161.0
629,629.0,10,156.2,1562,1.0850694444444445e-05,156.2,1562.0,0.0,0.0
630,630.0,9,179.77777777777777,1618,9.765625e-06,179.77777777777777,1618.0,-1.0,56.0
631,631.0,10,152.5,1525,1.0850694444444445e-05,152.5,1525.0,1.0,-93.0
632,632.0,10,164.1,1641,1.0850694444444445e-05,164.1,1641.0,0.0,116.0
633,633.0,10,162.0,1620,1.0850694444444445e-05,162.0,1620.0,0.0,-21.0
634,634.0,10,154.9,1549,1.0850694444444445e-05,154.9,1549.0,0.0,-71.0
635,635.0,10,155.0,1550,1.0850694444444445e-05,155.0,1550.0,0.0,1.0
636,636.0,10,154.3,1543,1.0850694444444445e-05,154.3,1543.0,0.0,-7.0
637,637.0,9,183.55555555555554,1652,9.765625e-06,183.55555555555554,1652.0,-1.0,109.0
638,638.0,9,181.33333333333334,1632,9.765625e-06,181.33333333333334,1632.0,0.0,-20.0
639,639.0,10,159.6,1596,1.0850694444444445e-05,159.6,1596.0,1.0,-36.0
640,640.0,10,169.3,1693,1.0850694444444445e-05,169.3,1693.0,0.0,97.0
641,641.0,10,169.9,1699,1.0850694444444445e-05,169.9,1699.0,0.0,6.0
642,642.0,10,172.9,1729,1.0850694444444445e-05,172.9,1729.0,0.0,30.0
643,643.0,11,153.8181818181818,1692,1.193576388888889e-05,153.8181818181818,1692.0,1.0,-37.0
644,644.0,11,151.63636363636363,1668,1.193576388888889e-05,151.63636363636363,1668.0,0.0,-24.0
645,645.0,11,153.0,1683,1.193576388888889e-05,153.0,1683.0,0.0,15.0
646,646.0,11,153.27272727272728,1686,1.193576388888889e-05,153.27272727272728,1686.0,0.0,3.0
647,647.0,11,153.36363636363637,1687,1.193576388888889e-05,153.36363636363637,1687.0,0.0,1.0
648,648.0,11,153.54545454545453,1689,1.193576388888889e-05,153.54545454545453,1689.0,0.0,2.0
649,649.0,10,174.1,1741,1.0850694444444445e-05,174.1,1741.0,-1.0,52.0
650,650.0,10,174.8,1748,1.0850694444444445e-05,174.8,1748.0,0.0,7.0
651,651.0,9,189.22222222222223,1703,9.765625e-06,189.22222222222223,1703.0,-1.0,-45.0
652,652.0,8,212.75,1702,8.680555555555556e-06,212.75,1702.0,-1.0,-1.0
