frame,time_min,hyphal_area_px,hyphal_area_um2,hyphal_length_px,hyphal_length_um,branch_points,raw_junction_pixel_count,normalized_branch_point_count,tip_count,skan_graph_branches,skan_terminal_branches,skan_junction_to_junction_branches,length_growth_um_per_min,area_growth_um2_per_min,branch_growth_per_min
0,0.0,13576,13576.0,787.4142135623731,787.4142135623731,0,0,0,2,1,0,0,,,
1,1.0,13576,13576.0,787.4142135623731,787.4142135623731,0,0,0,2,1,0,0,0.0,0.0,0.0
2,2.0,13576,13576.0,787.4142135623731,787.4142135623731,0,0,0,2,1,0,0,0.0,0.0,0.0
3,3.0,11472,11472.0,477.00714267493646,477.00714267493646,2,4,2,18,12,4,1,-310.40707088743665,-2104.0,2.0
4,4.0,11339,11339.0,435.6639969244288,435.6639969244288,1,1,1,17,10,3,0,-41.34314575050769,-133.0,-1.0
5,5.0,11580,11580.0,442.22034611053283,442.22034611053283,2,5,2,22,14,6,0,6.5563491861040575,241.0,1.0
6,6.0,11606,11606.0,439.87720036002514,439.87720036002514,2,5,2,22,14,6,0,-2.343145750507688,26.0,0.0
7,7.0,10837,10837.0,411.22034611053283,411.22034611053283,2,5,2,20,13,6,0,-28.656854249492312,-769.0,0.0
8,8.0,10837,10837.0,411.22034611053283,411.22034611053283,2,5,2,20,13,6,0,0.0,0.0,0.0
9,9.0,11106,11106.0,436.7766952966369,436.7766952966369,3,5,3,21,15,7,1,25.556349186104057,269.0,1.0
10,10.0,10281,10281.0,387.83556979968256,387.83556979968256,2,5,2,20,13,6,0,-48.94112549695433,-825.0,-1.0
11,11.0,10333,10333.0,376.0782104868018,376.0782104868018,2,5,2,18,12,6,0,-11.757359312880737,52.0,0.0
12,12.0,10347,10347.0,379.35028842544403,379.35028842544403,1,1,1,17,10,3,0,3.2720779386422123,14.0,-1.0
13,13.0,10506,10506.0,394.8355697996825,394.8355697996825,1,1,1,15,9,3,0,15.485281374238468,159.0,0.0
14,14.0,10506,10506.0,394.8355697996825,394.8355697996825,1,1,1,15,9,3,0,0.0,0.0,0.0
15,15.0,10122,10122.0,358.1076477383247,358.1076477383247,1,1,1,17,10,3,0,-36.72792206135779,-384.0,0.0
16,16.0,10472,10472.0,426.2497833620557,426.2497833620557,2,4,2,16,11,4,1,68.14213562373101,350.0,1.0
17,17.0,10265,10265.0,417.4213562373095,417.4213562373095,2,4,2,16,11,4,1,-8.828427124746213,-207.0,0.0
18,18.0,10905,10905.0,407.11984104714446,407.11984104714446,2,2,2,18,12,6,0,-10.301515190165048,640.0,0.0
19,19.0,10873,10873.0,402.3919189857866,402.3919189857866,2,4,2,18,12,6,0,-4.7279220613578445,-32.0,0.0
20,20.0,10873,10873.0,402.3919189857866,402.3919189857866,2,4,2,18,12,6,0,0.0,0.0,0.0
21,21.0,10112,10112.0,361.5929291125633,361.5929291125633,1,1,1,17,10,3,0,-40.79898987322332,-761.0,-1.0
22,22.0,9556,9556.0,362.8355697996826,362.8355697996826,2,4,2,18,12,4,1,1.2426406871193194,-556.0,1.0
23,23.0,10945,10945.0,422.9066376115481,422.9066376115481,2,4,2,16,11,6,0,60.071067811865476,1389.0,0.0
24,24.0,11057,11057.0,431.6639969244288,431.6639969244288,2,4,2,16,11,6,0,8.75735931288068,112.0,0.0
25,25.0,10859,10859.0,405.8061325481597,405.8061325481597,2,5,2,18,12,6,0,-25.85786437626905,-198.0,0.0
26,26.0,10842,10842.0,404.8061325481597,404.8061325481597,2,5,2,18,12,6,0,-1.0,-17.0,0.0
27,27.0,10891,10891.0,413.46298679765215,413.46298679765215,3,9,3,19,14,9,0,8.656854249492426,49.0,1.0
28,28.0,11269,11269.0,441.2619766708754,441.2619766708754,3,9,3,19,14,9,0,27.798989873223263,378.0,0.0
29,29.0,11249,11249.0,447.4335495461292,447.4335495461292,4,13,4,22,17,12,0,6.171572875253787,-20.0,1.0
30,30.0,10822,10822.0,404.7056274847714,404.7056274847714,3,9,3,19,14,9,0,-42.72792206135779,-427.0,-1.0
31,31.0,10677,10677.0,392.56349186104046,392.56349186104046,3,9,3,21,15,9,0,-12.142135623730951,-145.0,0.0
32,32.0,10693,10693.0,393.97770542341357,393.97770542341357,3,9,3,21,15,9,0,1.4142135623731065,16.0,0.0
33,33.0,10868,10868.0,409.048773235279,409.048773235279,4,12,4,22,17,10,1,15.071067811865419,175.0,1.0
34,34.0,10218,10218.0,369.6639969244288,369.6639969244288,2,5,2,18,12,6,0,-39.384776310850214,-650.0,-2.0
35,35.0,10398,10398.0,376.90663761154804,376.90663761154804,2,5,2,18,12,6,0,7.242640687119263,180.0,0.0
36,36.0,10369,10369.0,370.24978336205567,370.24978336205567,2,5,2,18,12,6,0,-6.656854249492369,-29.0,0.0
37,37.0,10642,10642.0,383.32085117392114,383.32085117392114,2,5,2,18,12,6,0,13.071067811865476,273.0,0.0
38,38.0,10628,10628.0,382.32085117392114,382.32085117392114,2,5,2,18,12,6,0,-1.0,-14.0,0.0
39,39.0,10086,10086.0,360.5929291125633,360.5929291125633,2,5,2,18,12,6,0,-21.727922061357845,-542.0,0.0
40,40.0,10747,10747.0,399.29141392239836,399.29141392239836,3,8,3,19,14,9,0,38.698484809835065,661.0,1.0
41,41.0,10467,10467.0,386.3919189857866,386.3919189857866,3,9,3,19,14,9,0,-12.899494936611745,-280.0,0.0
42,42.0,10267,10267.0,366.0782104868019,366.0782104868019,2,5,2,18,12,6,0,-20.313708498984738,-200.0,-1.0
43,43.0,10342,10342.0,375.73506473629425,375.73506473629425,3,9,3,19,14,9,0,9.656854249492369,75.0,1.0
44,44.0,10342,10342.0,375.73506473629425,375.73506473629425,3,9,3,19,14,9,0,0.0,0.0,0.0
45,45.0,10731,10731.0,394.56349186104046,394.56349186104046,2,5,2,18,12,6,0,18.828427124746213,389.0,-1.0
46,46.0,10372,10372.0,372.4213562373095,372.4213562373095,2,5,2,18,12,6,0,-22.14213562373095,-359.0,0.0
47,47.0,10658,10658.0,389.3208511739212,389.3208511739212,1,1,1,17,10,3,0,16.89949493661169,286.0,-1.0
48,48.0,10364,10364.0,374.90663761154804,374.90663761154804,1,1,1,17,10,3,0,-14.414213562373163,-294.0,0.0
49,49.0,10847,10847.0,401.8772003600252,401.8772003600252,2,2,2,18,12,6,0,26.970562748477164,483.0,1.0
50,50.0,10832,10832.0,399.87720036002526,399.87720036002526,2,2,2,18,12,6,0,-1.9999999999999432,-15.0,0.0
51,51.0,10546,10546.0,387.63455967290594,387.63455967290594,2,5,2,18,12,6,0,-12.24264068711932,-286.0,0.0
52,52.0,10870,10870.0,402.46298679765215,402.46298679765215,2,5,2,18,12,6,0,14.828427124746213,324.0,0.0
53,53.0,10596,10596.0,383.14927829866735,383.14927829866735,2,5,2,20,13,6,0,-19.313708498984795,-274.0,0.0
54,54.0,10779,10779.0,397.04877323527904,397.04877323527904,2,5,2,18,12,6,0,13.899494936611688,183.0,0.0
55,55.0,10183,10183.0,361.9066376115481,361.9066376115481,1,1,1,17,10,3,0,-35.14213562373095,-596.0,-1.0
56,56.0,10183,10183.0,361.9066376115481,361.9066376115481,1,1,1,17,10,3,0,0.0,0.0,0.0
57,57.0,10545,10545.0,379.8061325481597,379.8061325481597,2,4,2,20,13,6,0,17.89949493661163,362.0,1.0
58,58.0,10506,10506.0,376.3919189857866,376.3919189857866,1,1,1,17,10,3,0,-3.4142135623731065,-39.0,-1.0
59,59.0,10634,10634.0,378.3919189857866,378.3919189857866,1,1,1,17,10,3,0,2.0,128.0,0.0
60,60.0,10212,10212.0,362.0071426749364,362.0071426749364,1,1,1,17,10,3,0,-16.384776310850214,-422.0,0.0
61,61.0,10328,10328.0,366.0782104868019,366.0782104868019,1,1,1,17,10,3,0,4.0710678118654755,116.0,0.0
62,62.0,10328,10328.0,366.0782104868019,366.0782104868019,1,1,1,17,10,3,0,0.0,0.0,0.0
63,63.0,10621,10621.0,391.2914139223983,391.2914139223983,2,5,2,18,12,6,0,25.213203435596427,293.0,1.0
64,64.0,10321,10321.0,402.46298679765215,402.46298679765215,2,4,2,18,12,4,1,11.171572875253844,-300.0,0.0
65,65.0,10458,10458.0,371.0782104868019,371.0782104868019,1,1,1,19,11,3,0,-31.38477631085027,137.0,-1.0
66,66.0,10863,10863.0,386.8061325481597,386.8061325481597,1,1,1,19,11,3,0,15.727922061357845,405.0,0.0
67,67.0,10977,10977.0,391.8061325481597,391.8061325481597,2,5,2,22,14,6,0,5.0,114.0,1.0
68,68.0,10977,10977.0,391.8061325481597,391.8061325481597,2,5,2,22,14,6,0,0.0,0.0,0.0
69,69.0,10399,10399.0,365.6639969244288,365.6639969244288,1,1,1,19,11,3,0,-26.14213562373095,-578.0,-1.0
70,70.0,9948,9948.0,374.2497833620558,374.2497833620558,2,4,2,20,13,4,1,8.585786437627007,-451.0,1.0
71,71.0,10661,10661.0,383.6345596729059,383.6345596729059,2,5,2,20,13,6,0,9.3847763108501,713.0,0.0
72,72.0,10371,10371.0,369.14927829866735,369.14927829866735,2,5,2,19,13,6,0,-14.485281374238525,-290.0,0.0
73,73.0,10749,10749.0,388.56349186104046,388.56349186104046,2,5,2,19,13,6,0,19.414213562373106,378.0,0.0
74,74.0,10749,10749.0,388.56349186104046,388.56349186104046,2,5,2,19,13,6,0,0.0,0.0,0.0
75,75.0,10193,10193.0,371.5929291125633,371.5929291125633,2,5,2,18,12,6,0,-16.970562748477164,-556.0,0.0
76,76.0,10883,10883.0,388.24978336205567,388.24978336205567,2,4,2,18,12,6,0,16.65685424949237,690.0,0.0
77,77.0,10444,10444.0,349.35028842544403,349.35028842544403,1,1,1,19,11,3,0,-38.89949493661163,-439.0,-1.0
78,78.0,10192,10192.0,364.56349186104046,364.56349186104046,1,1,1,17,10,3,0,15.213203435596427,-252.0,0.0
79,79.0,10141,10141.0,359.6639969244288,359.6639969244288,1,1,1,17,10,3,0,-4.8994949366116884,-51.0,0.0
80,80.0,10141,10141.0,359.6639969244288,359.6639969244288,1,1,1,17,10,3,0,0.0,0.0,0.0
81,81.0,10750,10750.0,389.3208511739212,389.3208511739212,3,8,3,21,15,7,1,29.656854249492426,609.0,2.0
82,82.0,9789,9789.0,344.5929291125633,344.5929291125633,1,1,1,17,10,3,0,-44.7279220613579,-961.0,-2.0
83,83.0,9874,9874.0,344.5929291125633,344.5929291125633,1,1,1,16,10,3,0,0.0,85.0,0.0
84,84.0,10245,10245.0,370.73506473629425,370.73506473629425,2,4,2,18,12,6,0,26.14213562373095,371.0,1.0
85,85.0,10452,10452.0,381.63455967290594,381.63455967290594,2,5,2,18,12,6,0,10.899494936611688,207.0,0.0
86,86.0,10447,10447.0,382.04877323527904,382.04877323527904,2,5,2,18,12,6,0,0.41421356237310647,-5.0,0.0
87,87.0,9699,9699.0,338.76450198781714,338.76450198781714,1,1,1,17,10,3,0,-43.2842712474619,-748.0,-1.0
88,88.0,10234,10234.0,363.24978336205567,363.24978336205567,1,1,1,16,10,3,0,24.485281374238525,535.0,0.0
89,89.0,10092,10092.0,358.6639969244288,358.6639969244288,1,1,1,17,10,3,0,-4.5857864376268935,-142.0,0.0
90,90.0,10620,10620.0,381.9066376115481,381.9066376115481,1,1,1,19,11,3,0,23.24264068711932,528.0,0.0
91,91.0,10545,10545.0,378.32085117392114,378.32085117392114,2,5,2,20,13,6,0,-3.5857864376269504,-75.0,1.0
92,92.0,10545,10545.0,378.32085117392114,378.32085117392114,2,5,2,20,13,6,0,0.0,0.0,0.0
93,93.0,10775,10775.0,413.0193359837562,413.0193359837562,3,8,3,19,14,9,0,34.698484809835065,230.0,1.0
94,94.0,10504,10504.0,394.22034611053283,394.22034611053283,3,8,3,19,14,9,0,-18.798989873223377,-271.0,0.0
95,95.0,10837,10837.0,410.7766952966369,410.7766952966369,3,8,3,19,14,9,0,16.556349186104057,333.0,0.0
96,96.0,10590,10590.0,398.46298679765215,398.46298679765215,3,7,3,18,14,9,0,-12.313708498984738,-247.0,0.0
97,97.0,10692,10692.0,400.46298679765215,400.46298679765215,3,8,3,19,14,9,0,2.0,102.0,0.0
98,98.0,10692,10692.0,400.46298679765215,400.46298679765215,3,8,3,19,14,9,0,0.0,0.0,0.0
99,99.0,10421,10421.0,373.32085117392114,373.32085117392114,2,4,2,18,12,6,0,-27.142135623731008,-271.0,-1.0
100,100.0,10427,10427.0,382.1492782986673,382.1492782986673,2,4,2,18,12,6,0,8.828427124746156,6.0,0.0
101,101.0,10491,10491.0,382.1492782986673,382.1492782986673,2,4,2,18,12,6,0,0.0,64.0,0.0
102,102.0,10788,10788.0,397.3919189857866,397.3919189857866,2,4,2,18,12,6,0,15.24264068711932,297.0,0.0
103,103.0,10029,10029.0,396.2203461105329,396.2203461105329,3,7,3,19,14,7,1,-1.1715728752537302,-759.0,1.0
104,104.0,10029,10029.0,396.2203461105329,396.2203461105329,3,7,3,19,14,7,1,0.0,0.0,0.0
105,105.0,10622,10622.0,400.8061325481598,400.8061325481598,4,11,4,20,16,10,1,4.5857864376268935,593.0,1.0
106,106.0,10688,10688.0,402.2914139223983,402.2914139223983,3,8,3,19,14,9,0,1.4852813742385251,66.0,-1.0
107,107.0,10902,10902.0,411.3624817342638,411.3624817342638,3,8,3,19,14,9,0,9.071067811865476,214.0,0.0
108,108.0,10244,10244.0,373.49242404917493,373.49242404917493,2,4,2,18,12,6,0,-37.87005768508885,-658.0,-1.0
109,109.0,10366,10366.0,377.14927829866735,377.14927829866735,2,4,2,17,12,6,0,3.656854249492426,122.0,0.0
110,110.0,10366,10366.0,377.14927829866735,377.14927829866735,2,4,2,17,12,6,0,0.0,0.0,0.0
111,111.0,10540,10540.0,389.5634918610404,389.5634918610404,2,4,2,20,13,6,0,12.41421356237305,174.0,0.0
112,112.0,10506,10506.0,366.49242404917493,366.49242404917493,1,1,1,19,11,3,0,-23.071067811865476,-34.0,-1.0
113,113.0,9911,9911.0,383.8061325481597,383.8061325481597,2,4,2,18,12,4,1,17.313708498984795,-595.0,1.0
114,114.0,10820,10820.0,394.70562748477147,394.70562748477147,2,5,2,20,13,6,0,10.899494936611745,909.0,0.0
115,115.0,10774,10774.0,389.1198410471445,389.1198410471445,2,2,2,20,13,6,0,-5.58578643762695,-46.0,0.0
116,116.0,10756,10756.0,388.53405460951757,388.53405460951757,2,2,2,20,13,6,0,-0.5857864376269504,-18.0,0.0
117,117.0,10684,10684.0,397.19090885901,397.19090885901,2,5,2,18,12,6,0,8.656854249492426,-72.0,0.0
118,118.0,10698,10698.0,385.4629867976521,385.4629867976521,2,5,2,20,13,6,0,-11.727922061357901,14.0,0.0
119,119.0,10883,10883.0,391.8061325481598,391.8061325481598,2,5,2,20,13,6,0,6.343145750507688,185.0,0.0
120,120.0,10600,10600.0,378.90663761154804,378.90663761154804,2,5,2,18,12,6,0,-12.899494936611745,-283.0,0.0
121,121.0,10604,10604.0,367.49242404917493,367.49242404917493,1,1,1,17,10,3,0,-11.414213562373106,4.0,-1.0
122,122.0,10604,10604.0,367.49242404917493,367.49242404917493,1,1,1,17,10,3,0,0.0,0.0,0.0
123,123.0,10288,10288.0,363.0782104868018,363.0782104868018,1,1,1,17,10,3,0,-4.4142135623731065,-316.0,0.0
124,124.0,10590,10590.0,377.14927829866735,377.14927829866735,1,1,1,17,10,3,0,14.071067811865532,302.0,0.0
125,125.0,10111,10111.0,357.8355697996826,357.8355697996826,1,1,1,17,10,3,0,-19.313708498984738,-479.0,0.0
126,126.0,10238,10238.0,363.32085117392114,363.32085117392114,1,1,1,16,10,3,0,5.485281374238525,127.0,0.0
127,127.0,10469,10469.0,382.4629867976521,382.4629867976521,2,5,2,18,12,6,0,19.14213562373095,231.0,1.0
128,128.0,10469,10469.0,382.4629867976521,382.4629867976521,2,5,2,18,12,6,0,0.0,0.0,0.0
129,129.0,11121,11121.0,421.16147160748716,421.16147160748716,3,6,3,19,14,7,1,38.698484809835065,652.0,1.0
130,130.0,10118,10118.0,359.492424049175,359.492424049175,1,1,1,17,10,3,0,-61.66904755831217,-1003.0,-2.0
131,131.0,10374,10374.0,371.56349186104046,371.56349186104046,1,1,1,17,10,3,0,12.071067811865476,256.0,0.0
132,132.0,10210,10210.0,363.0782104868018,363.0782104868018,1,1,1,17,10,3,0,-8.485281374238639,-164.0,0.0
133,133.0,10389,10389.0,362.0782104868019,362.0782104868019,1,1,1,17,10,3,0,-0.9999999999999432,179.0,0.0
134,134.0,10389,10389.0,362.0782104868019,362.0782104868019,1,1,1,17,10,3,0,0.0,0.0,0.0
135,135.0,10610,10610.0,407.90663761154804,407.90663761154804,2,4,2,16,11,6,0,45.828427124746156,221.0,1.0
136,136.0,10811,10811.0,402.87720036002526,402.87720036002526,2,5,2,18,12,6,0,-5.029437251522779,201.0,0.0
137,137.0,10521,10521.0,388.8061325481597,388.8061325481597,2,5,2,18,12,6,0,-14.071067811865532,-290.0,0.0
138,138.0,10789,10789.0,403.04877323527904,403.04877323527904,2,5,2,18,12,6,0,14.24264068711932,268.0,0.0
139,139.0,10620,10620.0,393.2914139223983,393.2914139223983,2,2,2,18,12,6,0,-9.757359312880737,-169.0,0.0
140,140.0,10643,10643.0,394.7056274847714,394.7056274847714,2,2,2,18,12,6,0,1.4142135623731065,23.0,0.0
141,141.0,10729,10729.0,398.3919189857866,398.3919189857866,2,5,2,18,12,6,0,3.686291501015205,86.0,0.0
142,142.0,10344,10344.0,412.63455967290594,412.63455967290594,3,8,3,19,14,7,1,14.24264068711932,-385.0,1.0
143,143.0,10661,10661.0,393.73506473629425,393.73506473629425,2,4,2,18,12,6,0,-18.89949493661169,317.0,-1.0
144,144.0,10432,10432.0,405.5634918610405,405.5634918610405,3,7,3,19,14,7,1,11.82842712474627,-229.0,1.0
145,145.0,10746,10746.0,390.14927829866735,390.14927829866735,1,1,1,17,10,3,0,-15.414213562373163,314.0,-2.0
146,146.0,10748,10748.0,390.14927829866735,390.14927829866735,1,1,1,17,10,3,0,0.0,2.0,0.0
147,147.0,10323,10323.0,411.1492782986674,411.1492782986674,3,7,3,19,14,7,1,21.000000000000057,-425.0,2.0
148,148.0,10742,10742.0,396.492424049175,396.492424049175,2,4,2,18,12,6,0,-14.656854249492426,419.0,-1.0
149,149.0,11087,11087.0,416.46298679765215,416.46298679765215,2,5,2,18,12,6,0,19.970562748477164,345.0,0.0
150,150.0,10940,10940.0,406.70562748477136,406.70562748477136,2,4,2,18,12,6,0,-9.757359312880794,-147.0,0.0
151,151.0,10093,10093.0,391.1492782986674,391.1492782986674,2,4,2,18,12,4,1,-15.556349186103944,-847.0,0.0
152,152.0,10106,10106.0,392.1492782986674,392.1492782986674,2,4,2,18,12,4,1,1.0,13.0,0.0
153,153.0,10648,10648.0,398.1492782986674,398.1492782986674,3,8,3,19,14,7,1,6.0,542.0,1.0
154,154.0,10329,10329.0,369.00714267493635,369.00714267493635,1,1,1,16,10,3,0,-29.142135623731065,-319.0,-2.0
155,155.0,10841,10841.0,397.8061325481597,397.8061325481597,1,1,1,19,11,3,0,28.798989873223377,512.0,0.0
156,156.0,10211,10211.0,359.14927829866735,359.14927829866735,1,1,1,19,11,3,0,-38.65685424949237,-630.0,0.0
157,157.0,10183,10183.0,372.3919189857866,372.3919189857866,2,4,2,18,12,6,0,13.242640687119263,-28.0,1.0
158,158.0,10169,10169.0,370.8061325481597,370.8061325481597,2,4,2,18,12,6,0,-1.5857864376268935,-14.0,0.0
159,159.0,10269,10269.0,378.8772003600252,378.8772003600252,2,5,2,17,12,6,0,8.071067811865476,100.0,0.0
160,160.0,10557,10557.0,426.74725804511405,426.74725804511405,3,8,3,19,14,7,1,47.87005768508885,288.0,1.0
161,161.0,10229,10229.0,411.8477631085024,411.8477631085024,3,8,3,19,14,7,1,-14.899494936611632,-328.0,0.0
162,162.0,10212,10212.0,411.19090885901005,411.19090885901005,3,8,3,19,14,7,1,-0.656854249492369,-17.0,0.0
163,163.0,10200,10200.0,399.29141392239836,399.29141392239836,3,8,3,21,15,7,1,-11.899494936611688,-12.0,0.0
164,164.0,10200,10200.0,399.29141392239836,399.29141392239836,3,8,3,21,15,7,1,0.0,0.0,0.0
165,165.0,9928,9928.0,391.19090885901,391.19090885901,2,4,2,18,12,4,1,-8.100505063388368,-272.0,-1.0
166,166.0,9681,9681.0,373.56349186104046,373.56349186104046,2,4,2,18,12,4,1,-17.627416997969533,-247.0,0.0
167,167.0,10283,10283.0,402.1198410471445,402.1198410471445,2,4,2,18,12,4,1,28.556349186104057,602.0,0.0
168,168.0,9988,9988.0,386.63455967290594,386.63455967290594,2,4,2,17,12,4,1,-15.485281374238582,-295.0,0.0
169,169.0,10021,10021.0,390.70562748477147,390.70562748477147,2,4,2,18,12,4,1,4.071067811865532,33.0,0.0
170,170.0,10021,10021.0,390.70562748477147,390.70562748477147,2,4,2,18,12,4,1,0.0,0.0,0.0
171,171.0,10065,10065.0,398.5340546095177,398.5340546095177,3,7,3,18,14,7,1,7.828427124746213,44.0,1.0
172,172.0,10278,10278.0,406.4335495461293,406.4335495461293,3,8,3,19,14,7,1,7.899494936611632,213.0,0.0
173,173.0,9815,9815.0,376.634559672906,376.634559672906,2,4,2,20,13,4,1,-29.79898987322332,-463.0,-1.0
174,174.0,9932,9932.0,381.2203461105329,381.2203461105329,2,4,2,18,12,4,1,4.5857864376268935,117.0,0.0
175,175.0,9896,9896.0,382.97770542341357,382.97770542341357,2,4,2,18,12,4,1,1.7573593128806806,-36.0,0.0
176,176.0,9865,9865.0,381.3919189857867,381.3919189857867,2,4,2,18,12,4,1,-1.5857864376268935,-31.0,0.0
177,177.0,10249,10249.0,406.1198410471446,406.1198410471446,3,8,3,19,14,7,1,24.7279220613579,384.0,1.0
178,178.0,10213,10213.0,416.97770542341357,416.97770542341357,2,4,2,16,11,4,1,10.857864376268992,-36.0,-1.0
179,179.0,10331,10331.0,421.22034611053283,421.22034611053283,2,4,2,16,11,4,1,4.242640687119263,118.0,0.0
180,180.0,10071,10071.0,399.22034611053294,399.22034611053294,3,5,3,19,14,7,1,-21.999999999999886,-260.0,1.0
181,181.0,10269,10269.0,409.1198410471446,409.1198410471446,3,8,3,19,14,7,1,9.899494936611632,198.0,0.0
182,182.0,10269,10269.0,409.1198410471446,409.1198410471446,3,8,3,19,14,7,1,0.0,0.0,0.0
183,183.0,10110,10110.0,401.29141392239836,401.29141392239836,3,7,3,19,14,7,1,-7.828427124746213,-159.0,0.0
184,184.0,10144,10144.0,400.39191898578673,400.39191898578673,3,8,3,18,14,7,1,-0.8994949366116316,34.0,0.0
185,185.0,10016,10016.0,394.73506473629436,394.73506473629436,3,8,3,19,14,7,1,-5.656854249492369,-128.0,0.0
186,186.0,10289,10289.0,423.94826817189073,423.94826817189073,2,4,2,16,11,4,1,29.21320343559637,273.0,-1.0
187,187.0,10352,10352.0,414.04877323527904,414.04877323527904,2,4,2,17,12,4,1,-9.899494936611688,63.0,0.0
188,188.0,10352,10352.0,414.04877323527904,414.04877323527904,2,4,2,17,12,4,1,0.0,0.0,0.0
189,189.0,10249,10249.0,398.87720036002526,398.87720036002526,2,4,2,18,12,4,1,-15.171572875253787,-103.0,0.0
190,190.0,10038,10038.0,386.9066376115481,386.9066376115481,2,4,2,17,12,4,1,-11.970562748477164,-211.0,0.0
191,191.0,9919,9919.0,381.7350647362943,381.7350647362943,2,4,2,18,12,4,1,-5.171572875253787,-119.0,0.0
192,192.0,9868,9868.0,379.6639969244289,379.6639969244289,2,4,2,19,13,4,1,-2.0710678118654187,-51.0,0.0
193,193.0,10317,10317.0,406.5340546095177,406.5340546095177,3,7,3,19,14,7,1,26.870057685088796,449.0,1.0
194,194.0,10317,10317.0,406.5340546095177,406.5340546095177,3,7,3,19,14,7,1,0.0,0.0,0.0
195,195.0,9724,9724.0,373.9066376115481,373.9066376115481,2,4,2,18,12,4,1,-32.62741699796959,-593.0,-1.0
196,196.0,10159,10159.0,396.5634918610405,396.5634918610405,2,4,2,18,12,4,1,22.656854249492426,435.0,0.0
197,197.0,10174,10174.0,388.49242404917504,388.49242404917504,2,4,2,19,13,4,1,-8.071067811865476,15.0,0.0
198,198.0,10119,10119.0,387.66399692442883,387.66399692442883,2,4,2,18,12,4,1,-0.8284271247462129,-55.0,0.0
199,199.0,10095,10095.0,406.7645019878172,406.7645019878172,2,4,2,16,11,4,1,19.10050506338837,-24.0,0.0
200,200.0,10078,10078.0,405.7645019878172,405.7645019878172,2,4,2,16,11,4,1,-1.0,-17.0,0.0
201,201.0,10497,10497.0,437.1492782986674,437.1492782986674,4,11,4,18,15,8,2,31.384776310850214,419.0,2.0
202,202.0,10012,10012.0,394.634559672906,394.634559672906,3,8,3,19,14,7,1,-42.51471862576142,-485.0,-1.0
203,203.0,10134,10134.0,399.0487732352791,399.0487732352791,3,8,3,19,14,7,1,4.4142135623731065,122.0,0.0
204,204.0,10306,10306.0,400.70562748477147,400.70562748477147,3,8,3,21,15,7,1,1.656854249492369,172.0,0.0
205,205.0,10533,10533.0,410.77669529663694,410.77669529663694,3,8,3,21,15,7,1,10.071067811865476,227.0,0.0
206,206.0,9878,9878.0,379.0782104868019,379.0782104868019,2,4,2,18,12,4,1,-31.698484809835065,-655.0,-1.0
207,207.0,9878,9878.0,379.0782104868019,379.0782104868019,2,4,2,18,12,4,1,0.0,0.0,0.0
208,208.0,9846,9846.0,379.7350647362943,379.7350647362943,2,4,2,18,12,4,1,0.6568542494924259,-32.0,0.0
209,209.0,9696,9696.0,372.0782104868019,372.0782104868019,2,4,2,18,12,4,1,-7.656854249492426,-150.0,0.0
210,210.0,10066,10066.0,395.9777054234136,395.9777054234136,3,8,3,19,14,7,1,23.899494936611745,370.0,1.0
211,211.0,10052,10052.0,391.9777054234136,391.9777054234136,3,8,3,19,14,7,1,-4.0,-14.0,0.0
212,212.0,9641,9641.0,372.9777054234136,372.9777054234136,2,4,2,18,12,4,1,-19.0,-411.0,-1.0
213,213.0,9641,9641.0,372.9777054234136,372.9777054234136,2,4,2,18,12,4,1,0.0,0.0,0.0
214,214.0,9943,9943.0,376.3208511739212,376.3208511739212,2,4,2,20,13,4,1,3.343145750507574,302.0,0.0
215,215.0,10205,10205.0,404.60512242138316,404.60512242138316,3,8,3,19,14,7,1,28.28427124746196,262.0,1.0
216,216.0,10285,10285.0,398.5340546095176,398.5340546095176,3,5,3,19,14,7,1,-6.071067811865532,80.0,0.0
217,217.0,9806,9806.0,379.39191898578673,379.39191898578673,2,4,2,17,12,4,1,-19.142135623730894,-479.0,-1.0
218,218.0,9967,9967.0,387.56349186104046,387.56349186104046,2,4,2,18,12,4,1,8.17157287525373,161.0,0.0
219,219.0,9967,9967.0,387.56349186104046,387.56349186104046,2,4,2,18,12,4,1,0.0,0.0,0.0
220,220.0,10183,10183.0,395.1492782986674,395.1492782986674,2,4,2,19,13,4,1,7.58578643762695,216.0,0.0
221,221.0,11363,11363.0,485.53405460951757,485.53405460951757,3,8,3,19,14,7,1,90.38477631085016,1180.0,1.0
222,222.0,11179,11179.0,468.3624817342638,468.3624817342638,3,8,3,17,13,7,1,-17.171572875253787,-184.0,0.0
223,223.0,10847,10847.0,433.8477631085024,433.8477631085024,4,12,4,23,18,10,1,-34.51471862576136,-332.0,1.0
224,224.0,11379,11379.0,475.47518010647195,475.47518010647195,5,12,5,23,19,11,2,41.62741699796953,532.0,1.0
225,225.0,11381,11381.0,475.47518010647195,475.47518010647195,5,12,5,23,19,11,2,0.0,2.0,0.0
226,226.0,11477,11477.0,477.8183258569795,477.8183258569795,5,15,5,23,19,13,1,2.343145750507574,96.0,0.0
227,227.0,10947,10947.0,446.1614716074871,446.1614716074871,4,12,4,20,16,10,1,-31.656854249492426,-530.0,-1.0
228,228.0,10837,10837.0,429.1198410471446,429.1198410471446,4,12,4,22,17,10,1,-17.041630560342526,-110.0,0.0
229,229.0,10661,10661.0,429.1198410471445,429.1198410471445,4,12,4,20,16,10,1,-5.684341886080802e-14,-176.0,0.0
230,230.0,10275,10275.0,435.8772003600252,435.8772003600252,3,8,3,15,12,7,1,6.757359312880681,-386.0,-1.0
231,231.0,10304,10304.0,437.8772003600252,437.8772003600252,3,8,3,15,12,7,1,2.0,29.0,0.0
232,232.0,10266,10266.0,414.87720036002526,414.87720036002526,3,8,3,17,13,7,1,-22.999999999999943,-38.0,0.0
233,233.0,10277,10277.0,419.8772003600252,419.8772003600252,3,8,3,17,13,7,1,4.999999999999943,11.0,0.0
234,234.0,10741,10741.0,464.87720036002526,464.87720036002526,3,8,3,15,12,7,1,45.00000000000006,464.0,0.0
235,235.0,10760,10760.0,452.7056274847714,452.7056274847714,4,11,4,17,15,8,2,-12.171572875253844,19.0,1.0
236,236.0,10723,10723.0,439.16147160748716,439.16147160748716,4,12,4,20,16,10,1,-13.544155877284254,-37.0,0.0
237,237.0,10723,10723.0,439.16147160748716,439.16147160748716,4,12,4,20,16,10,1,0.0,0.0,0.0
238,238.0,10460,10460.0,423.77669529663694,423.77669529663694,4,12,4,20,16,10,1,-15.384776310850214,-263.0,0.0
239,239.0,10300,10300.0,408.8061325481598,408.8061325481598,3,8,3,19,14,7,1,-14.970562748477164,-160.0,-1.0
240,240.0,10005,10005.0,394.2203461105329,394.2203461105329,3,8,3,19,14,7,1,-14.585786437626894,-295.0,0.0
241,241.0,10776,10776.0,454.8477631085024,454.8477631085024,4,11,4,18,15,8,2,60.62741699796953,771.0,1.0
242,242.0,10425,10425.0,420.8772003600253,420.8772003600253,4,11,4,20,16,8,2,-33.97056274847711,-351.0,0.0
243,243.0,10466,10466.0,423.70562748477147,423.70562748477147,4,11,4,20,16,8,2,2.828427124746156,41.0,0.0
244,244.0,10885,10885.0,439.60512242138316,439.60512242138316,4,11,4,22,17,8,2,15.899494936611688,419.0,0.0
245,245.0,11384,11384.0,466.7472580451141,466.7472580451141,5,15,5,25,20,11,2,27.14213562373095,499.0,1.0
246,246.0,11390,11390.0,469.98989873223337,469.98989873223337,5,15,5,23,19,11,2,3.2426406871192626,6.0,0.0
247,247.0,11061,11061.0,479.57568516986026,479.57568516986026,5,15,5,19,17,11,2,9.585786437626894,-329.0,0.0
248,248.0,11588,11588.0,502.13203435596427,502.13203435596427,6,17,6,22,20,12,3,22.556349186104,527.0,1.0
249,249.0,11588,11588.0,502.13203435596427,502.13203435596427,6,17,6,22,20,12,3,0.0,0.0,0.0
250,250.0,11240,11240.0,476.33304448274095,476.33304448274095,5,15,5,21,18,11,2,-25.79898987322332,-348.0,-1.0
251,251.0,11226,11226.0,474.74725804511405,474.74725804511405,5,15,5,21,18,11,2,-1.5857864376268935,-14.0,0.0
252,252.0,10524,10524.0,434.1198410471446,434.1198410471446,4,11,4,18,15,8,2,-40.627416997969476,-702.0,-1.0
253,253.0,10873,10873.0,455.77669529663694,455.77669529663694,5,14,5,19,17,11,2,21.65685424949237,349.0,1.0
254,254.0,10584,10584.0,442.1198410471445,442.1198410471445,4,11,4,20,16,8,2,-13.656854249492426,-289.0,-1.0
255,255.0,10584,10584.0,442.5340546095176,442.5340546095176,4,11,4,20,16,8,2,0.41421356237310647,0.0,0.0
256,256.0,10395,10395.0,437.7766952966369,437.7766952966369,4,11,4,18,15,8,2,-4.757359312880737,-189.0,0.0
257,257.0,10313,10313.0,434.43354954612926,434.43354954612926,4,11,4,18,15,8,2,-3.343145750507631,-82.0,0.0
258,258.0,11295,11295.0,487.6173157302029,487.6173157302029,5,12,5,19,17,11,2,53.18376618407365,982.0,1.0
259,259.0,11439,11439.0,490.23253941935263,490.23253941935263,5,14,5,21,18,11,2,2.6152236891497296,144.0,0.0
260,260.0,10671,10671.0,441.19090885901005,441.19090885901005,4,11,4,20,16,8,2,-49.04163056034258,-768.0,-1.0
261,261.0,10656,10656.0,440.19090885901005,440.19090885901005,4,11,4,20,16,8,2,-1.0,-15.0,0.0
262,262.0,10426,10426.0,411.2203461105329,411.2203461105329,4,11,4,20,16,8,2,-28.970562748477164,-230.0,0.0
263,263.0,10881,10881.0,451.84776310850236,451.84776310850236,4,11,4,20,16,8,2,40.627416997969476,455.0,0.0
264,264.0,10298,10298.0,420.63455967290594,420.63455967290594,4,11,4,18,15,8,2,-31.213203435596427,-583.0,0.0
265,265.0,10605,10605.0,427.6051224213831,427.6051224213831,4,11,4,20,16,8,2,6.970562748477164,307.0,0.0
266,266.0,10682,10682.0,445.0904037956217,445.0904037956217,5,15,5,20,18,11,2,17.485281374238582,77.0,1.0
267,267.0,10679,10679.0,445.6761902332486,445.6761902332486,5,15,5,20,18,11,2,0.5857864376268935,-3.0,0.0
268,268.0,11000,11000.0,464.0609665440988,464.0609665440988,5,15,5,21,18,11,2,18.384776310850214,321.0,0.0
269,269.0,10943,10943.0,457.7472580451141,457.7472580451141,5,15,5,23,19,11,2,-6.313708498984681,-57.0,0.0
270,270.0,10872,10872.0,453.23253941935263,453.23253941935263,5,15,5,21,18,11,2,-4.514718625761475,-71.0,0.0
271,271.0,10672,10672.0,440.4335495461293,440.4335495461293,5,15,5,21,18,11,2,-12.79898987322332,-200.0,0.0
272,272.0,11228,11228.0,475.33304448274095,475.33304448274095,6,18,6,24,21,12,3,34.89949493661163,556.0,1.0
273,273.0,11228,11228.0,475.33304448274095,475.33304448274095,6,18,6,24,21,12,3,0.0,0.0,0.0
274,274.0,10488,10488.0,445.6051224213831,445.6051224213831,4,11,4,18,15,8,2,-29.727922061357845,-740.0,-2.0
275,275.0,10651,10651.0,446.43354954612926,446.43354954612926,4,11,4,20,16,8,2,0.8284271247461561,163.0,0.0
276,276.0,10667,10667.0,447.19090885901,447.19090885901,5,15,5,21,18,11,2,0.7573593128807374,16.0,1.0
277,277.0,11207,11207.0,464.5046173579948,464.5046173579948,5,15,5,23,19,11,2,17.313708498984795,540.0,0.0
278,278.0,10582,10582.0,429.5340546095176,429.5340546095176,4,11,4,22,17,8,2,-34.970562748477164,-625.0,-1.0
279,279.0,10582,10582.0,429.5340546095176,429.5340546095176,4,11,4,22,17,8,2,0.0,0.0,0.0
280,280.0,11028,11028.0,462.74725804511405,462.74725804511405,5,14,5,21,18,11,2,33.21320343559643,446.0,1.0
281,281.0,11083,11083.0,456.333044482741,456.333044482741,5,14,5,23,19,11,2,-6.41421356237305,55.0,0.0
282,282.0,10782,10782.0,438.0193359837562,438.0193359837562,4,11,4,22,17,8,2,-18.313708498984795,-301.0,-1.0
283,283.0,10977,10977.0,448.8477631085024,448.8477631085024,5,15,5,23,19,11,2,10.828427124746213,195.0,1.0
284,284.0,11019,11019.0,451.2619766708755,451.2619766708755,4,11,4,21,17,8,2,2.4142135623731065,42.0,-1.0
285,285.0,11021,11021.0,451.2619766708755,451.2619766708755,4,11,4,21,17,8,2,0.0,2.0,0.0
286,286.0,10957,10957.0,447.19090885901,447.19090885901,4,11,4,24,18,8,2,-4.071067811865532,-64.0,0.0
287,287.0,10585,10585.0,423.94826817189073,423.94826817189073,3,8,3,21,15,7,1,-23.242640687119263,-372.0,-1.0
288,288.0,10300,10300.0,409.634559672906,409.634559672906,3,8,3,21,15,7,1,-14.313708498984738,-285.0,0.0
289,289.0,10967,10967.0,448.43354954612937,448.43354954612937,4,9,4,22,17,10,1,38.79898987322338,667.0,1.0
290,290.0,10645,10645.0,430.19090885901005,430.19090885901005,4,12,4,21,17,10,1,-18.24264068711932,-322.0,0.0
291,291.0,10645,10645.0,430.19090885901005,430.19090885901005,4,12,4,21,17,10,1,0.0,0.0,0.0
292,292.0,10985,10985.0,447.6761902332486,447.6761902332486,4,12,4,22,17,10,1,17.485281374238525,340.0,0.0
293,293.0,10929,10929.0,444.2619766708755,444.2619766708755,4,12,4,24,18,10,1,-3.4142135623730496,-56.0,0.0
294,294.0,10641,10641.0,433.36248173426384,433.36248173426384,4,12,4,20,16,10,1,-10.899494936611688,-288.0,0.0
295,295.0,10051,10051.0,407.70562748477147,407.70562748477147,3,8,3,19,14,7,1,-25.65685424949237,-590.0,-1.0
296,296.0,10731,10731.0,428.8477631085024,428.8477631085024,4,11,4,24,18,10,1,21.14213562373095,680.0,1.0
297,297.0,10731,10731.0,428.8477631085024,428.8477631085024,4,11,4,24,18,10,1,0.0,0.0,0.0
298,298.0,10281,10281.0,412.9482681718908,412.9482681718908,3,8,3,19,14,7,1,-15.899494936611632,-450.0,-1.0
299,299.0,10862,10862.0,429.0193359837562,429.0193359837562,3,8,3,21,15,7,1,16.07106781186542,581.0,0.0
300,300.0,10303,10303.0,398.22034611053294,398.22034611053294,3,8,3,20,15,7,1,-30.798989873223263,-559.0,0.0
301,301.0,10469,10469.0,414.1198410471445,414.1198410471445,3,8,3,21,15,7,1,15.899494936611575,166.0,0.0
302,302.0,10801,10801.0,447.43354954612926,447.43354954612926,4,12,4,20,16,10,1,33.31370849898474,332.0,1.0
303,303.0,10801,10801.0,447.43354954612926,447.43354954612926,4,12,4,20,16,10,1,0.0,0.0,0.0
304,304.0,10316,10316.0,428.2914139223983,428.2914139223983,3,8,3,17,13,7,1,-19.14213562373095,-485.0,-1.0
305,305.0,10294,10294.0,419.22034611053283,419.22034611053283,3,8,3,19,14,7,1,-9.071067811865476,-22.0,0.0
306,306.0,10508,10508.0,419.97770542341357,419.97770542341357,3,8,3,18,14,7,1,0.7573593128807374,214.0,0.0
307,307.0,10468,10468.0,417.3919189857867,417.3919189857867,4,12,4,22,17,10,1,-2.5857864376268935,-40.0,1.0
308,308.0,10832,10832.0,456.8061325481597,456.8061325481597,4,10,4,18,15,8,2,39.41421356237305,364.0,0.0
309,309.0,10832,10832.0,456.8061325481597,456.8061325481597,4,10,4,18,15,8,2,0.0,0.0,0.0
310,310.0,10618,10618.0,440.73506473629425,440.73506473629425,4,10,4,18,15,8,2,-16.071067811865476,-214.0,0.0
311,311.0,10923,10923.0,437.87720036002526,437.87720036002526,4,13,4,20,16,10,1,-2.857864376268992,305.0,0.0
312,312.0,10488,10488.0,428.2203461105329,428.2203461105329,4,13,4,18,15,10,1,-9.656854249492369,-435.0,0.0
313,313.0,10788,10788.0,442.5340546095176,442.5340546095176,4,13,4,18,15,10,1,14.313708498984738,300.0,0.0
314,314.0,10353,10353.0,430.3919189857867,430.3919189857867,4,13,4,18,15,10,1,-12.142135623730951,-435.0,0.0
315,315.0,10351,10351.0,430.3919189857867,430.3919189857867,4,13,4,18,15,10,1,0.0,-2.0,0.0
316,316.0,10532,10532.0,439.87720036002526,439.87720036002526,4,13,4,18,15,10,1,9.485281374238582,181.0,0.0
317,317.0,10138,10138.0,394.9066376115481,394.9066376115481,2,4,2,16,11,4,1,-44.970562748477164,-394.0,-2.0
318,318.0,10614,10614.0,416.97770542341357,416.97770542341357,3,9,3,19,14,7,1,22.071067811865476,476.0,1.0
319,319.0,10592,10592.0,433.2203461105329,433.2203461105329,4,12,4,20,16,10,1,16.24264068711932,-22.0,1.0
320,320.0,10681,10681.0,443.9777054234136,443.9777054234136,5,14,5,21,18,11,2,10.757359312880737,89.0,1.0
321,321.0,10695,10695.0,446.39191898578673,446.39191898578673,5,16,5,21,18,11,2,2.4142135623731065,14.0,0.0
322,322.0,9993,9993.0,407.2497833620557,407.2497833620557,3,9,3,17,13,7,1,-39.14213562373101,-702.0,-2.0
323,323.0,10061,10061.0,414.7350647362943,414.7350647362943,3,9,3,17,13,7,1,7.485281374238582,68.0,0.0
324,324.0,10704,10704.0,440.0487732352791,440.0487732352791,4,12,4,20,16,10,1,25.313708498984795,643.0,1.0
325,325.0,11024,11024.0,452.36248173426384,452.36248173426384,4,11,4,20,16,10,1,12.313708498984738,320.0,0.0
326,326.0,10247,10247.0,412.49242404917504,412.49242404917504,3,9,3,19,14,7,1,-39.870057685088796,-777.0,-1.0
327,327.0,10247,10247.0,412.49242404917504,412.49242404917504,3,9,3,19,14,7,1,0.0,0.0,0.0
328,328.0,10462,10462.0,428.46298679765215,428.46298679765215,3,9,3,17,13,7,1,15.970562748477107,215.0,0.0
329,329.0,10524,10524.0,425.46298679765215,425.46298679765215,3,9,3,19,14,7,1,-3.0,62.0,0.0
330,330.0,10187,10187.0,411.4335495461293,411.4335495461293,3,5,3,19,14,7,1,-14.029437251522836,-337.0,0.0
331,331.0,10321,10321.0,425.0904037956217,425.0904037956217,4,8,4,20,16,10,1,13.656854249492369,134.0,1.0
332,332.0,10570,10570.0,444.23253941935263,444.23253941935263,4,9,4,19,16,10,1,19.14213562373095,249.0,0.0
333,333.0,10570,10570.0,444.23253941935263,444.23253941935263,4,9,4,19,16,10,1,0.0,0.0,0.0
334,334.0,10506,10506.0,438.333044482741,438.333044482741,4,9,4,20,16,10,1,-5.899494936611632,-64.0,0.0
335,335.0,10962,10962.0,463.47518010647195,463.47518010647195,4,9,4,20,16,10,1,25.14213562373095,456.0,0.0
336,336.0,10819,10819.0,456.9188309203679,456.9188309203679,4,8,4,20,16,10,1,-6.5563491861040575,-143.0,0.0
337,337.0,10888,10888.0,462.16147160748716,462.16147160748716,4,9,4,20,16,10,1,5.242640687119263,69.0,0.0
338,338.0,10728,10728.0,434.7766952966369,434.7766952966369,3,5,3,19,14,7,1,-27.38477631085027,-160.0,-1.0
339,339.0,10728,10728.0,434.7766952966369,434.7766952966369,3,5,3,19,14,7,1,0.0,0.0,0.0
340,340.0,10940,10940.0,457.33304448274095,457.33304448274095,3,5,3,19,14,7,1,22.556349186104057,212.0,0.0
341,341.0,10886,10886.0,443.91883092036784,443.91883092036784,4,9,4,24,18,10,1,-13.414213562373106,-54.0,1.0
342,342.0,11009,11009.0,441.5046173579948,441.5046173579948,3,5,3,21,15,7,1,-2.4142135623730496,123.0,-1.0
343,343.0,9980,9980.0,402.5340546095177,402.5340546095177,3,5,3,19,14,7,1,-38.97056274847711,-1029.0,0.0
344,344.0,10498,10498.0,436.67619023324863,436.67619023324863,5,12,5,21,18,11,2,34.14213562373095,518.0,2.0
345,345.0,10498,10498.0,436.67619023324863,436.67619023324863,5,12,5,21,18,11,2,0.0,0.0,0.0
346,346.0,10512,10512.0,435.8183258569795,435.8183258569795,4,9,4,20,16,10,1,-0.8578643762691058,14.0,-1.0
347,347.0,10727,10727.0,448.06096654409885,448.06096654409885,4,9,4,20,16,10,1,12.24264068711932,215.0,0.0
348,348.0,10187,10187.0,404.5340546095177,404.5340546095177,3,5,3,19,14,7,1,-43.526911934581165,-540.0,-1.0
349,349.0,10311,10311.0,412.19090885901005,412.19090885901005,3,5,3,19,14,7,1,7.656854249492369,124.0,0.0
350,350.0,10268,10268.0,409.1198410471446,409.1198410471446,3,5,3,21,15,7,1,-3.0710678118654755,-43.0,0.0
351,351.0,10271,10271.0,409.70562748477147,409.70562748477147,3,5,3,21,15,7,1,0.5857864376268935,3.0,0.0
352,352.0,11132,11132.0,462.94826817189073,462.94826817189073,4,9,4,20,16,8,2,53.24264068711926,861.0,1.0
353,353.0,10960,10960.0,457.29141392239836,457.29141392239836,4,9,4,20,16,8,2,-5.656854249492369,-172.0,0.0
354,354.0,11064,11064.0,451.9188309203679,451.9188309203679,4,12,4,22,17,10,1,-5.372583002030467,104.0,0.0
355,355.0,10876,10876.0,440.98989873223337,440.98989873223337,4,9,4,22,17,10,1,-10.928932188134524,-188.0,0.0
356,356.0,10818,10818.0,446.5756851698602,446.5756851698602,4,12,4,20,16,10,1,5.585786437626837,-58.0,0.0
357,357.0,10818,10818.0,446.5756851698602,446.5756851698602,4,12,4,20,16,10,1,0.0,0.0,0.0
358,358.0,10644,10644.0,439.74725804511405,439.74725804511405,4,12,4,20,16,10,1,-6.828427124746156,-174.0,0.0
359,359.0,10641,10641.0,436.77669529663694,436.77669529663694,4,12,4,20,16,10,1,-2.970562748477107,-3.0,0.0
360,360.0,10493,10493.0,427.5340546095176,427.5340546095176,4,12,4,20,16,10,1,-9.24264068711932,-148.0,0.0
361,361.0,10907,10907.0,453.1198410471445,453.1198410471445,4,9,4,18,15,8,2,25.585786437626894,414.0,0.0
362,362.0,10494,10494.0,424.36248173426384,424.36248173426384,3,8,3,19,14,7,1,-28.75735931288068,-413.0,-1.0
363,363.0,10460,10460.0,421.94826817189073,421.94826817189073,3,8,3,19,14,7,1,-2.4142135623731065,-34.0,0.0
364,364.0,10628,10628.0,424.4335495461293,424.4335495461293,3,8,3,19,14,7,1,2.485281374238582,168.0,0.0
365,365.0,10499,10499.0,422.4629867976522,422.4629867976522,4,9,4,22,17,8,2,-1.970562748477107,-129.0,1.0
366,366.0,10493,10493.0,428.77669529663694,428.77669529663694,4,9,4,20,16,8,2,6.313708498984738,-6.0,0.0
367,367.0,10944,10944.0,457.23253941935263,457.23253941935263,4,12,4,20,16,10,1,28.45584412271569,451.0,0.0
368,368.0,11326,11326.0,475.78888860545663,475.78888860545663,5,13,5,21,18,11,2,18.556349186104,382.0,1.0
369,369.0,11326,11326.0,475.78888860545663,475.78888860545663,5,13,5,21,18,11,2,0.0,0.0,0.0
370,370.0,10081,10081.0,402.1198410471445,402.1198410471445,3,8,3,19,14,7,1,-73.66904755831212,-1245.0,-2.0
371,371.0,10189,10189.0,409.19090885901005,409.19090885901005,3,8,3,19,14,7,1,7.071067811865532,108.0,0.0
372,372.0,10535,10535.0,426.19090885901,426.19090885901,3,8,3,19,14,7,1,16.999999999999943,346.0,0.0
373,373.0,11125,11125.0,458.26197667087547,458.26197667087547,3,8,3,19,14,7,1,32.071067811865476,590.0,0.0
374,374.0,9964,9964.0,396.0487732352791,396.0487732352791,3,7,3,19,14,7,1,-62.21320343559637,-1161.0,0.0
375,375.0,9981,9981.0,397.4629867976522,397.4629867976522,3,7,3,19,14,7,1,1.4142135623731065,17.0,0.0
376,376.0,10951,10951.0,456.26197667087547,456.26197667087547,4,11,4,20,16,10,1,58.79898987322326,970.0,1.0
377,377.0,10758,10758.0,449.0904037956217,449.0904037956217,4,11,4,20,16,10,1,-7.171572875253787,-193.0,0.0
378,378.0,11029,11029.0,459.16147160748716,459.16147160748716,4,11,4,20,16,10,1,10.071067811865476,271.0,0.0
379,379.0,10719,10719.0,441.9188309203679,441.9188309203679,4,8,4,20,16,10,1,-17.242640687119263,-310.0,0.0
380,380.0,10744,10744.0,446.84776310850236,446.84776310850236,4,11,4,20,16,10,1,4.928932188134468,25.0,0.0
381,381.0,10744,10744.0,446.84776310850236,446.84776310850236,4,11,4,20,16,10,1,0.0,0.0,0.0
382,382.0,10475,10475.0,423.01933598375615,423.01933598375615,4,11,4,20,16,10,1,-23.828427124746213,-269.0,0.0
383,383.0,10599,10599.0,420.36248173426384,420.36248173426384,3,7,3,19,14,7,1,-2.656854249492312,124.0,-1.0
384,384.0,10175,10175.0,413.3624817342638,413.3624817342638,3,7,3,19,14,7,1,-7.000000000000057,-424.0,0.0
385,385.0,10608,10608.0,427.01933598375615,427.01933598375615,3,7,3,19,14,7,1,13.656854249492369,433.0,0.0
386,386.0,10166,10166.0,414.3624817342638,414.3624817342638,3,7,3,19,14,7,1,-12.656854249492369,-442.0,0.0
387,387.0,10164,10164.0,414.3624817342638,414.3624817342638,3,7,3,19,14,7,1,0.0,-2.0,0.0
388,388.0,10355,10355.0,421.6051224213831,421.6051224213831,3,7,3,19,14,7,1,7.242640687119319,191.0,0.0
389,389.0,10790,10790.0,445.33304448274095,445.33304448274095,4,11,4,20,16,10,1,23.727922061357845,435.0,1.0
390,390.0,10616,10616.0,442.16147160748716,442.16147160748716,4,12,4,20,16,10,1,-3.171572875253787,-174.0,0.0
391,391.0,10303,10303.0,422.6761902332485,422.6761902332485,3,7,3,19,14,7,1,-19.48528137423864,-313.0,-1.0
392,392.0,10637,10637.0,449.33304448274095,449.33304448274095,5,14,5,21,18,11,2,26.656854249492426,334.0,2.0
393,393.0,10637,10637.0,449.33304448274095,449.33304448274095,5,14,5,21,18,11,2,0.0,0.0,0.0
394,394.0,10365,10365.0,421.3624817342638,421.3624817342638,3,7,3,19,14,7,1,-27.970562748477164,-272.0,-2.0
395,395.0,10349,10349.0,421.6051224213831,421.6051224213831,3,7,3,21,15,7,1,0.2426406871193194,-16.0,0.0
396,396.0,10616,10616.0,445.7056274847714,445.7056274847714,3,8,3,19,14,7,1,24.10050506338831,267.0,0.0
397,397.0,10803,10803.0,453.4629867976521,453.4629867976521,3,8,3,19,14,7,1,7.757359312880681,187.0,0.0
398,398.0,10380,10380.0,431.19090885901,431.19090885901,4,12,4,20,16,10,1,-22.2720779386421,-423.0,1.0
399,399.0,10359,10359.0,430.19090885901,430.19090885901,4,12,4,20,16,10,1,-1.0,-21.0,0.0
400,400.0,10737,10737.0,445.26197667087547,445.26197667087547,4,12,4,20,16,10,1,15.071067811865476,378.0,0.0
401,401.0,10525,10525.0,439.84776310850236,439.84776310850236,4,12,4,20,16,10,1,-5.4142135623731065,-212.0,0.0
402,402.0,10404,10404.0,431.6051224213831,431.6051224213831,4,12,4,20,16,10,1,-8.242640687119263,-121.0,0.0
403,403.0,10628,10628.0,438.67619023324863,438.67619023324863,4,12,4,20,16,10,1,7.071067811865532,224.0,0.0
404,404.0,10836,10836.0,458.43354954612926,458.43354954612926,3,8,3,19,14,7,1,19.757359312880624,208.0,-1.0
405,405.0,10600,10600.0,445.5340546095176,445.5340546095176,3,8,3,19,14,7,1,-12.899494936611632,-236.0,0.0
406,406.0,10600,10600.0,445.5340546095176,445.5340546095176,3,8,3,19,14,7,1,0.0,0.0,0.0
407,407.0,10670,10670.0,435.19090885901,435.19090885901,3,8,3,19,14,7,1,-10.343145750507631,70.0,0.0
408,408.0,10304,10304.0,427.19090885901005,427.19090885901005,4,12,4,20,16,10,1,-7.999999999999943,-366.0,1.0
409,409.0,10284,10284.0,424.01933598375615,424.01933598375615,3,8,3,19,14,7,1,-3.1715728752539007,-20.0,-1.0
410,410.0,10532,10532.0,438.9188309203679,438.9188309203679,4,11,4,20,16,10,1,14.899494936611745,248.0,1.0
411,411.0,10750,10750.0,449.4041122946064,449.4041122946064,4,12,4,20,16,10,1,10.485281374238525,218.0,0.0
412,412.0,10750,10750.0,449.4041122946064,449.4041122946064,4,12,4,20,16,10,1,0.0,0.0,0.0
413,413.0,10127,10127.0,413.94826817189073,413.94826817189073,3,8,3,19,14,7,1,-35.45584412271569,-623.0,-1.0
414,414.0,10244,10244.0,420.84776310850236,420.84776310850236,3,8,3,19,14,7,1,6.899494936611632,117.0,0.0
415,415.0,10192,10192.0,410.8772003600253,410.8772003600253,3,8,3,19,14,7,1,-9.97056274847705,-52.0,0.0
416,416.0,10688,10688.0,443.60512242138316,443.60512242138316,5,15,5,23,19,11,2,32.727922061357845,496.0,2.0
417,417.0,10406,10406.0,438.97770542341357,438.97770542341357,3,8,3,17,13,7,1,-4.62741699796959,-282.0,-2.0
418,418.0,10406,10406.0,438.97770542341357,438.97770542341357,3,8,3,17,13,7,1,0.0,0.0,0.0
419,419.0,10651,10651.0,451.2914139223983,451.2914139223983,3,8,3,17,13,7,1,12.313708498984738,245.0,0.0
420,420.0,10398,10398.0,429.36248173426384,429.36248173426384,4,9,4,20,16,10,1,-21.928932188134468,-253.0,1.0
421,421.0,10558,10558.0,442.6761902332485,442.6761902332485,5,15,5,21,18,11,2,13.313708498984681,160.0,1.0
422,422.0,10425,10425.0,432.4335495461293,432.4335495461293,4,11,4,20,16,10,1,-10.242640687119206,-133.0,-1.0
423,423.0,10517,10517.0,432.6051224213831,432.6051224213831,4,12,4,20,16,10,1,0.17157287525378706,92.0,0.0
424,424.0,10527,10527.0,433.0193359837562,433.0193359837562,4,12,4,20,16,10,1,0.41421356237310647,10.0,0.0
425,425.0,10223,10223.0,419.1198410471445,419.1198410471445,4,12,4,20,16,10,1,-13.899494936611688,-304.0,0.0
426,426.0,10268,10268.0,413.7056274847714,413.7056274847714,3,8,3,19,14,7,1,-5.4142135623731065,45.0,-1.0
427,427.0,10270,10270.0,407.36248173426384,407.36248173426384,3,8,3,21,15,7,1,-6.343145750507574,2.0,0.0
428,428.0,10328,10328.0,411.77669529663694,411.77669529663694,3,8,3,19,14,7,1,4.4142135623731065,58.0,0.0
429,429.0,10261,10261.0,410.87720036002526,410.87720036002526,3,8,3,19,14,7,1,-0.8994949366116884,-67.0,0.0
430,430.0,10276,10276.0,415.1198410471445,415.1198410471445,3,8,3,19,14,7,1,4.242640687119263,15.0,0.0
431,431.0,10227,10227.0,416.2914139223983,416.2914139223983,3,8,3,19,14,7,1,1.171572875253787,-49.0,0.0
432,432.0,9959,9959.0,398.0487732352791,398.0487732352791,3,8,3,19,14,7,1,-18.242640687119206,-268.0,0.0
433,433.0,10539,10539.0,438.26197667087547,438.26197667087547,4,11,4,20,16,10,1,40.21320343559637,580.0,1.0
434,434.0,9904,9904.0,390.5634918610405,390.5634918610405,3,8,3,19,14,7,1,-47.69848480983495,-635.0,-1.0
435,435.0,10108,10108.0,397.2203461105329,397.2203461105329,3,8,3,19,14,7,1,6.656854249492369,204.0,0.0
436,436.0,10108,10108.0,397.2203461105329,397.2203461105329,3,8,3,19,14,7,1,0.0,0.0,0.0
437,437.0,10295,10295.0,403.22034611053294,403.22034611053294,3,8,3,21,15,7,1,6.000000000000057,187.0,0.0
438,438.0,10374,10374.0,416.1198410471445,416.1198410471445,3,8,3,19,14,7,1,12.899494936611575,79.0,0.0
439,439.0,10554,10554.0,442.46298679765215,442.46298679765215,3,8,3,17,13,7,1,26.34314575050763,180.0,0.0
440,440.0,10948,10948.0,478.01933598375626,478.01933598375626,5,15,5,19,17,9,3,35.556349186104114,394.0,2.0
441,441.0,10445,10445.0,424.19090885901,424.19090885901,4,12,4,20,16,10,1,-53.82842712474627,-503.0,-1.0
442,442.0,10446,10446.0,423.77669529663694,423.77669529663694,4,12,4,20,16,10,1,-0.4142135623730496,1.0,0.0
443,443.0,10507,10507.0,435.33304448274095,435.33304448274095,4,12,4,20,16,10,1,11.556349186104,61.0,0.0
444,444.0,10413,10413.0,429.26197667087547,429.26197667087547,4,12,4,20,16,10,1,-6.0710678118654755,-94.0,0.0
445,445.0,10753,10753.0,447.16147160748716,447.16147160748716,4,12,4,20,16,10,1,17.89949493661169,340.0,0.0
446,446.0,10382,10382.0,425.36248173426384,425.36248173426384,4,12,4,20,16,10,1,-21.79898987322332,-371.0,0.0
447,447.0,10726,10726.0,457.84776310850236,457.84776310850236,3,8,3,17,13,7,1,32.485281374238525,344.0,-1.0
448,448.0,10741,10741.0,458.84776310850236,458.84776310850236,3,8,3,17,13,7,1,1.0,15.0,0.0
449,449.0,10544,10544.0,453.19090885901,453.19090885901,3,8,3,17,13,7,1,-5.656854249492369,-197.0,0.0
450,450.0,10478,10478.0,423.84776310850236,423.84776310850236,3,8,3,19,14,7,1,-29.34314575050763,-66.0,0.0
451,451.0,10595,10595.0,438.0193359837562,438.0193359837562,4,12,4,21,17,10,1,14.171572875253844,117.0,1.0
452,452.0,10694,10694.0,461.01933598375615,461.01933598375615,3,8,3,17,13,7,1,22.999999999999943,99.0,-1.0
453,453.0,10566,10566.0,452.8772003600252,452.8772003600252,3,8,3,17,13,7,1,-8.142135623730951,-128.0,0.0
454,454.0,10566,10566.0,452.8772003600252,452.8772003600252,3,8,3,17,13,7,1,0.0,0.0,0.0
455,455.0,10746,10746.0,440.9188309203679,440.9188309203679,4,12,4,20,16,10,1,-11.958369439657304,180.0,1.0
456,456.0,10522,10522.0,426.4335495461293,426.4335495461293,4,12,4,20,16,10,1,-14.485281374238582,-224.0,0.0
457,457.0,10234,10234.0,406.5340546095177,406.5340546095177,3,8,3,19,14,7,1,-19.89949493661163,-288.0,-1.0
458,458.0,10766,10766.0,460.94826817189073,460.94826817189073,4,12,4,18,15,8,2,54.41421356237305,532.0,1.0
459,459.0,10941,10941.0,459.5340546095176,459.5340546095176,4,11,4,18,15,8,2,-1.4142135623731065,175.0,0.0
460,460.0,10958,10958.0,460.5340546095176,460.5340546095176,4,11,4,18,15,8,2,1.0,17.0,0.0
461,461.0,10433,10433.0,425.94826817189073,425.94826817189073,4,9,4,20,16,8,2,-34.58578643762689,-525.0,0.0
462,462.0,10512,10512.0,437.0904037956217,437.0904037956217,4,9,4,20,16,8,2,11.142135623730951,79.0,0.0
463,463.0,10770,10770.0,459.4041122946065,459.4041122946065,5,13,5,21,18,11,2,22.313708498984795,258.0,1.0
464,464.0,10937,10937.0,458.1614716074871,458.1614716074871,5,12,5,21,18,11,2,-1.2426406871193763,167.0,0.0
465,465.0,10799,10799.0,455.57568516986026,455.57568516986026,5,13,5,21,18,11,2,-2.5857864376268367,-138.0,0.0
466,466.0,10799,10799.0,455.57568516986026,455.57568516986026,5,13,5,21,18,11,2,0.0,0.0,0.0
467,467.0,11055,11055.0,471.3036072312181,471.3036072312181,5,13,5,21,18,11,2,15.727922061357845,256.0,0.0
468,468.0,10755,10755.0,452.16147160748716,452.16147160748716,5,13,5,21,18,11,2,-19.14213562373095,-300.0,0.0
469,469.0,10938,10938.0,465.4751801064719,465.4751801064719,5,13,5,21,18,11,2,13.313708498984738,183.0,0.0
470,470.0,10484,10484.0,439.64675298172574,439.64675298172574,4,9,4,20,16,8,2,-25.828427124746156,-454.0,-1.0
471,471.0,10962,10962.0,457.64675298172574,457.64675298172574,4,9,4,20,16,8,2,18.0,478.0,0.0
472,472.0,10962,10962.0,457.64675298172574,457.64675298172574,4,9,4,20,16,8,2,0.0,0.0,0.0
473,473.0,10630,10630.0,440.9188309203679,440.9188309203679,4,9,4,20,16,8,2,-16.727922061357845,-332.0,0.0
474,474.0,10653,10653.0,445.1614716074872,445.1614716074872,4,9,4,20,16,8,2,4.242640687119319,23.0,0.0
475,475.0,10619,10619.0,442.57568516986026,442.57568516986026,5,12,5,21,18,11,2,-2.5857864376269504,-34.0,1.0
476,476.0,10979,10979.0,475.2741699796952,475.2741699796952,5,13,5,20,18,11,2,32.69848480983495,360.0,0.0
477,477.0,10824,10824.0,457.3036072312181,457.3036072312181,5,13,5,21,18,11,2,-17.970562748477107,-155.0,0.0
478,478.0,10801,10801.0,455.889393668845,455.889393668845,5,13,5,21,18,11,2,-1.4142135623731065,-23.0,0.0
479,479.0,10614,10614.0,439.74725804511405,439.74725804511405,4,9,4,20,16,8,2,-16.14213562373095,-187.0,-1.0
480,480.0,10325,10325.0,427.333044482741,427.333044482741,4,9,4,20,16,8,2,-12.41421356237305,-289.0,0.0
481,481.0,11062,11062.0,464.13203435596427,464.13203435596427,4,9,4,20,16,8,2,36.79898987322326,737.0,0.0
482,482.0,10470,10470.0,422.9188309203679,422.9188309203679,3,5,3,19,14,7,1,-41.21320343559637,-592.0,-1.0
483,483.0,10643,10643.0,429.9898987322333,429.9898987322333,3,5,3,19,14,7,1,7.071067811865419,173.0,0.0
484,484.0,10643,10643.0,429.9898987322333,429.9898987322333,3,5,3,19,14,7,1,0.0,0.0,0.0
485,485.0,10944,10944.0,447.06096654409885,447.06096654409885,4,9,4,22,17,10,1,17.071067811865532,301.0,1.0
486,486.0,11012,11012.0,459.3746750430836,459.3746750430836,4,9,4,20,16,10,1,12.313708498984738,68.0,0.0
487,487.0,10874,10874.0,453.1320343559643,453.1320343559643,4,9,4,20,16,10,1,-6.242640687119263,-138.0,0.0
488,488.0,11119,11119.0,471.61731573020285,471.61731573020285,5,9,5,21,18,11,2,18.485281374238525,245.0,1.0
489,489.0,10752,10752.0,444.50461735799473,444.50461735799473,4,9,4,20,16,10,1,-27.112698372208115,-367.0,-1.0
490,490.0,10757,10757.0,444.50461735799473,444.50461735799473,4,9,4,20,16,10,1,0.0,5.0,0.0
491,491.0,10933,10933.0,448.16147160748716,448.16147160748716,4,9,4,20,16,10,1,3.656854249492426,176.0,0.0
492,492.0,10537,10537.0,418.01933598375626,418.01933598375626,3,5,3,19,14,7,1,-30.142135623730894,-396.0,-1.0
493,493.0,10609,10609.0,429.333044482741,429.333044482741,3,5,3,19,14,7,1,11.313708498984738,72.0,0.0
494,494.0,10647,10647.0,430.333044482741,430.333044482741,3,5,3,19,14,7,1,1.0,38.0,0.0
495,495.0,10669,10669.0,430.333044482741,430.333044482741,3,5,3,19,14,7,1,0.0,22.0,0.0
496,496.0,10669,10669.0,430.333044482741,430.333044482741,3,5,3,19,14,7,1,0.0,0.0,0.0
497,497.0,10378,10378.0,418.0193359837562,418.0193359837562,3,5,3,19,14,7,1,-12.313708498984795,-291.0,0.0
498,498.0,11261,11261.0,464.2031021678298,464.2031021678298,4,6,4,20,16,10,1,46.18376618407359,883.0,1.0
499,499.0,11214,11214.0,461.71782079359116,461.71782079359116,4,8,4,20,16,10,1,-2.485281374238639,-47.0,0.0
500,500.0,10566,10566.0,430.4041122946064,430.4041122946064,3,5,3,19,14,7,1,-31.313708498984738,-648.0,-1.0
501,501.0,10513,10513.0,425.9188309203679,425.9188309203679,3,5,3,19,14,7,1,-4.485281374238525,-53.0,0.0
502,502.0,10511,10511.0,427.9188309203679,427.9188309203679,3,5,3,19,14,7,1,2.0,-2.0,0.0
503,503.0,11019,11019.0,451.64675298172574,451.64675298172574,3,5,3,19,14,7,1,23.727922061357845,508.0,0.0
504,504.0,10728,10728.0,437.1614716074872,437.1614716074872,3,5,3,19,14,7,1,-14.485281374238525,-291.0,0.0
505,505.0,10295,10295.0,416.19090885901,416.19090885901,3,7,3,19,14,7,1,-20.97056274847722,-433.0,0.0
506,506.0,10405,10405.0,422.19090885901005,422.19090885901005,4,11,4,20,16,10,1,6.000000000000057,110.0,1.0
507,507.0,10747,10747.0,449.7472580451141,449.7472580451141,4,11,4,20,16,10,1,27.556349186104057,342.0,0.0
508,508.0,10747,10747.0,449.7472580451141,449.7472580451141,4,11,4,20,16,10,1,0.0,0.0,0.0
509,509.0,10552,10552.0,433.94826817189073,433.94826817189073,4,11,4,20,16,10,1,-15.798989873223377,-195.0,0.0
510,510.0,10568,10568.0,437.5046173579948,437.5046173579948,4,11,4,20,16,10,1,3.5563491861040575,16.0,0.0
511,511.0,10410,10410.0,421.04877323527904,421.04877323527904,4,11,4,20,16,10,1,-16.455844122715746,-158.0,0.0
512,512.0,10754,10754.0,445.6051224213831,445.6051224213831,5,14,5,21,18,11,2,24.556349186104057,344.0,1.0
513,513.0,10157,10157.0,412.4629867976522,412.4629867976522,3,7,3,19,14,7,1,-33.142135623730894,-597.0,-2.0
514,514.0,10157,10157.0,412.4629867976522,412.4629867976522,3,7,3,19,14,7,1,0.0,0.0,0.0
515,515.0,10411,10411.0,412.9777054234136,412.9777054234136,3,7,3,19,14,7,1,0.514718625761418,254.0,0.0
516,516.0,10247,10247.0,402.5634918610405,402.5634918610405,3,7,3,19,14,7,1,-10.414213562373106,-164.0,0.0
517,517.0,10560,10560.0,419.7056274847714,419.7056274847714,3,7,3,19,14,7,1,17.142135623730894,313.0,0.0
518,518.0,10009,10009.0,395.97770542341357,395.97770542341357,3,7,3,19,14,7,1,-23.727922061357845,-551.0,0.0
519,519.0,10769,10769.0,441.5046173579948,441.5046173579948,4,10,4,20,16,10,1,45.52691193458122,760.0,1.0
520,520.0,10786,10786.0,442.0904037956217,442.0904037956217,4,10,4,20,16,10,1,0.5857864376268935,17.0,0.0
521,521.0,10481,10481.0,426.0193359837562,426.0193359837562,4,10,4,20,16,10,1,-16.071067811865476,-305.0,0.0
522,522.0,10297,10297.0,422.3624817342638,422.3624817342638,3,7,3,19,14,7,1,-3.656854249492426,-184.0,-1.0
523,523.0,10327,10327.0,418.7056274847714,418.7056274847714,4,11,4,20,16,10,1,-3.656854249492369,30.0,1.0
524,524.0,10426,10426.0,417.87720036002526,417.87720036002526,3,7,3,19,14,7,1,-0.8284271247461561,99.0,-1.0
525,525.0,10316,10316.0,413.97770542341357,413.97770542341357,3,7,3,21,15,7,1,-3.8994949366116884,-110.0,0.0
526,526.0,10316,10316.0,413.97770542341357,413.97770542341357,3,7,3,21,15,7,1,0.0,0.0,0.0
527,527.0,10913,10913.0,452.2203461105329,452.2203461105329,3,8,3,19,14,7,1,38.24264068711932,597.0,0.0
528,528.0,10763,10763.0,448.2203461105329,448.2203461105329,3,8,3,19,14,7,1,-4.0,-150.0,0.0
529,529.0,11007,11007.0,453.19090885901005,453.19090885901005,4,9,4,20,16,10,1,4.970562748477164,244.0,1.0
530,530.0,10879,10879.0,452.0193359837562,452.0193359837562,4,12,4,20,16,10,1,-1.171572875253844,-128.0,0.0
531,531.0,10987,10987.0,451.36248173426384,451.36248173426384,4,12,4,20,16,10,1,-0.656854249492369,108.0,0.0
532,532.0,10985,10985.0,451.36248173426384,451.36248173426384,4,12,4,20,16,10,1,0.0,-2.0,0.0
533,533.0,10691,10691.0,438.97770542341357,438.97770542341357,4,12,4,20,16,10,1,-12.38477631085027,-294.0,0.0
534,534.0,10905,10905.0,447.2914139223983,447.2914139223983,4,12,4,20,16,10,1,8.313708498984738,214.0,0.0
535,535.0,10878,10878.0,438.0487732352791,438.0487732352791,3,8,3,21,15,7,1,-9.242640687119206,-27.0,-1.0
536,536.0,11068,11068.0,457.7056274847714,457.7056274847714,4,11,4,22,17,10,1,19.656854249492312,190.0,1.0
537,537.0,10666,10666.0,427.97770542341357,427.97770542341357,3,8,3,19,14,7,1,-29.727922061357845,-402.0,-1.0
538,538.0,10666,10666.0,427.97770542341357,427.97770542341357,3,8,3,19,14,7,1,0.0,0.0,0.0
539,539.0,10809,10809.0,429.634559672906,429.634559672906,3,8,3,19,14,7,1,1.6568542494924259,143.0,0.0
540,540.0,10281,10281.0,408.1492782986674,408.1492782986674,3,8,3,19,14,7,1,-21.485281374238582,-528.0,0.0
541,541.0,10525,10525.0,414.73506473629425,414.73506473629425,3,8,3,19,14,7,1,6.585786437626837,244.0,0.0
542,542.0,10806,10806.0,442.7766952966369,442.7766952966369,4,12,4,20,16,10,1,28.04163056034264,281.0,1.0
543,543.0,10410,10410.0,413.2203461105329,413.2203461105329,3,8,3,19,14,7,1,-29.556349186104,-396.0,-1.0
544,544.0,10407,10407.0,413.634559672906,413.634559672906,3,8,3,19,14,7,1,0.41421356237310647,-3.0,0.0
545,545.0,10081,10081.0,397.3208511739212,397.3208511739212,3,8,3,19,14,7,1,-16.313708498984795,-326.0,0.0
546,546.0,10505,10505.0,417.04877323527904,417.04877323527904,3,8,3,19,14,7,1,19.727922061357845,424.0,0.0
547,547.0,10420,10420.0,419.2203461105329,419.2203461105329,4,12,4,22,17,10,1,2.171572875253844,-85.0,1.0
548,548.0,10090,10090.0,405.19090885901,405.19090885901,3,5,3,19,14,7,1,-14.029437251522893,-330.0,-1.0
549,549.0,9771,9771.0,383.39191898578673,383.39191898578673,3,5,3,19,14,7,1,-21.798989873223263,-319.0,0.0
550,550.0,9771,9771.0,383.39191898578673,383.39191898578673,3,5,3,19,14,7,1,0.0,0.0,0.0
551,551.0,10334,10334.0,417.84776310850236,417.84776310850236,4,9,4,20,16,10,1,34.45584412271563,563.0,1.0
552,552.0,10201,10201.0,426.0904037956217,426.0904037956217,4,9,4,18,15,10,1,8.24264068711932,-133.0,0.0
553,553.0,10380,10380.0,433.1614716074872,433.1614716074872,4,9,4,18,15,10,1,7.071067811865532,179.0,0.0
554,554.0,10019,10019.0,412.94826817189073,412.94826817189073,4,9,4,18,15,10,1,-20.213203435596483,-361.0,0.0
555,555.0,10024,10024.0,409.8477631085024,409.8477631085024,4,9,4,18,15,10,1,-3.1005050633883116,5.0,0.0
556,556.0,10024,10024.0,409.8477631085024,409.8477631085024,4,9,4,18,15,10,1,0.0,0.0,0.0
557,557.0,10234,10234.0,429.19090885900994,429.19090885900994,4,9,4,18,15,8,2,19.343145750507517,210.0,0.0
558,558.0,10166,10166.0,426.77669529663683,426.77669529663683,4,9,4,16,14,8,2,-2.4142135623731065,-68.0,0.0
559,559.0,9832,9832.0,403.60512242138316,403.60512242138316,4,8,4,18,15,10,1,-23.171572875253673,-334.0,0.0
560,560.0,10413,10413.0,438.84776310850236,438.84776310850236,5,12,5,19,17,11,2,35.242640687119206,581.0,1.0
561,561.0,9723,9723.0,397.4629867976522,397.4629867976522,3,5,3,17,13,7,1,-41.38477631085016,-690.0,-2.0
562,562.0,9700,9700.0,396.0487732352791,396.0487732352791,3,5,3,17,13,7,1,-1.4142135623731065,-23.0,0.0
563,563.0,9857,9857.0,409.19090885901005,409.19090885901005,3,5,3,17,13,7,1,13.142135623730951,157.0,0.0
564,564.0,10388,10388.0,454.747258045114,454.747258045114,4,8,4,16,14,10,1,45.556349186103944,531.0,1.0
565,565.0,10483,10483.0,439.57568516986026,439.57568516986026,4,9,4,18,15,10,1,-15.17157287525373,95.0,0.0
566,566.0,9797,9797.0,403.4629867976522,403.4629867976522,3,5,3,17,13,7,1,-36.11269837220806,-686.0,-1.0
567,567.0,10188,10188.0,411.70562748477147,411.70562748477147,3,5,3,17,13,7,1,8.242640687119263,391.0,0.0
568,568.0,10188,10188.0,411.70562748477147,411.70562748477147,3,5,3,17,13,7,1,0.0,0.0,0.0
569,569.0,9909,9909.0,405.46298679765215,405.46298679765215,3,5,3,17,13,7,1,-6.242640687119319,-279.0,0.0
570,570.0,10169,10169.0,439.46298679765215,439.46298679765215,4,9,4,14,13,8,2,34.0,260.0,1.0
571,571.0,10276,10276.0,446.4629867976521,446.4629867976521,5,13,5,15,15,9,3,6.999999999999943,107.0,1.0
572,572.0,10100,10100.0,428.84776310850236,428.84776310850236,4,12,4,16,14,10,1,-17.61522368914973,-176.0,-1.0
573,573.0,9931,9931.0,414.7056274847714,414.7056274847714,4,12,4,16,14,10,1,-14.142135623730951,-169.0,0.0
574,574.0,9951,9951.0,416.1198410471445,416.1198410471445,4,12,4,16,14,10,1,1.4142135623731065,20.0,0.0
575,575.0,10287,10287.0,433.84776310850236,433.84776310850236,4,12,4,16,14,10,1,17.727922061357845,336.0,0.0
576,576.0,9991,9991.0,417.77669529663694,417.77669529663694,4,12,4,16,14,10,1,-16.07106781186542,-296.0,0.0
577,577.0,10041,10041.0,416.1198410471445,416.1198410471445,4,12,4,16,14,10,1,-1.6568542494924259,50.0,0.0
578,578.0,9965,9965.0,426.2203461105329,426.2203461105329,4,9,4,14,13,8,2,10.100505063388368,-76.0,0.0
579,579.0,10403,10403.0,446.7056274847714,446.7056274847714,4,9,4,16,14,8,2,20.485281374238525,438.0,0.0
580,580.0,10403,10403.0,446.7056274847714,446.7056274847714,4,9,4,16,14,8,2,0.0,0.0,0.0
581,581.0,10089,10089.0,398.87720036002526,398.87720036002526,3,8,3,19,14,7,1,-47.828427124746156,-314.0,-1.0
582,582.0,10099,10099.0,401.46298679765215,401.46298679765215,3,8,3,15,12,7,1,2.5857864376268935,10.0,0.0
583,583.0,9476,9476.0,370.5634918610405,370.5634918610405,3,8,3,17,13,7,1,-30.89949493661163,-623.0,0.0
584,584.0,10262,10262.0,421.94826817189073,421.94826817189073,5,15,5,21,18,11,2,51.384776310850214,786.0,2.0
585,585.0,10249,10249.0,418.4335495461293,418.4335495461293,4,12,4,20,16,10,1,-3.514718625761418,-13.0,-1.0
586,586.0,10249,10249.0,418.4335495461293,418.4335495461293,4,12,4,20,16,10,1,0.0,0.0,0.0
587,587.0,10470,10470.0,429.26197667087547,429.26197667087547,4,12,4,20,16,10,1,10.828427124746156,221.0,0.0
588,588.0,9979,9979.0,396.0487732352791,396.0487732352791,3,8,3,21,15,7,1,-33.21320343559637,-491.0,-1.0
589,589.0,10144,10144.0,407.70562748477147,407.70562748477147,3,8,3,19,14,7,1,11.656854249492369,165.0,0.0
590,590.0,10206,10206.0,412.29141392239836,412.29141392239836,3,8,3,21,15,7,1,4.5857864376268935,62.0,0.0
591,591.0,10031,10031.0,402.70562748477147,402.70562748477147,3,5,3,18,14,7,1,-9.585786437626894,-175.0,0.0
592,592.0,10067,10067.0,405.1198410471446,405.1198410471446,3,5,3,18,14,7,1,2.4142135623731065,36.0,0.0
593,593.0,9875,9875.0,397.87720036002526,397.87720036002526,3,5,3,19,14,7,1,-7.242640687119319,-192.0,0.0
594,594.0,10391,10391.0,432.9188309203679,432.9188309203679,4,9,4,20,16,10,1,35.04163056034264,516.0,1.0
595,595.0,10241,10241.0,423.5046173579948,423.5046173579948,4,6,4,20,16,10,1,-9.414213562373106,-150.0,0.0
596,596.0,10294,10294.0,426.6761902332486,426.6761902332486,4,9,4,20,16,10,1,3.171572875253787,53.0,0.0
597,597.0,10089,10089.0,409.60512242138316,409.60512242138316,4,9,4,19,16,10,1,-17.07106781186542,-205.0,0.0
598,598.0,10038,10038.0,406.60512242138316,406.60512242138316,4,9,4,19,16,10,1,-3.0,-51.0,0.0
599,599.0,10224,10224.0,417.4629867976522,417.4629867976522,4,9,4,19,16,10,1,10.857864376269049,186.0,0.0
600,600.0,10125,10125.0,416.70562748477147,416.70562748477147,4,9,4,19,16,10,1,-0.7573593128807374,-99.0,0.0
601,601.0,10083,10083.0,380.9777054234136,380.9777054234136,3,5,3,17,13,7,1,-35.727922061357845,-42.0,-1.0
602,602.0,9967,9967.0,394.8061325481598,394.8061325481598,3,5,3,18,14,7,1,13.828427124746156,-116.0,0.0
603,603.0,10075,10075.0,394.634559672906,394.634559672906,3,5,3,18,14,7,1,-0.17157287525378706,108.0,0.0
604,604.0,9592,9592.0,374.3208511739212,374.3208511739212,3,5,3,18,14,7,1,-20.313708498984795,-483.0,0.0
605,605.0,9592,9592.0,374.3208511739212,374.3208511739212,3,5,3,18,14,7,1,0.0,0.0,0.0
606,606.0,9779,9779.0,382.22034611053283,382.22034611053283,3,5,3,19,14,7,1,7.899494936611632,187.0,0.0
607,607.0,9750,9750.0,390.70562748477147,390.70562748477147,4,9,4,18,15,10,1,8.485281374238639,-29.0,1.0
608,608.0,10691,10691.0,441.57568516986026,441.57568516986026,5,10,5,21,18,11,2,50.870057685088796,941.0,1.0
609,609.0,9412,9412.0,365.9066376115481,365.9066376115481,3,5,3,17,13,7,1,-75.66904755831217,-1279.0,-2.0
610,610.0,9856,9856.0,384.39191898578673,384.39191898578673,3,5,3,19,14,7,1,18.48528137423864,444.0,0.0
611,611.0,9856,9856.0,384.39191898578673,384.39191898578673,3,5,3,19,14,7,1,0.0,0.0,0.0
612,612.0,10002,10002.0,399.29141392239836,399.29141392239836,3,5,3,18,14,7,1,14.899494936611632,146.0,0.0
613,613.0,10027,10027.0,393.87720036002526,393.87720036002526,3,5,3,19,14,7,1,-5.4142135623731065,25.0,0.0
614,614.0,10010,10010.0,414.04877323527904,414.04877323527904,3,8,3,17,13,7,1,20.171572875253787,-17.0,0.0
615,615.0,10106,10106.0,403.1198410471445,403.1198410471445,4,12,4,20,16,10,1,-10.928932188134524,96.0,1.0
616,616.0,9841,9841.0,390.634559672906,390.634559672906,4,12,4,19,16,10,1,-12.485281374238525,-265.0,0.0
617,617.0,9849,9849.0,391.0487732352791,391.0487732352791,4,12,4,19,16,10,1,0.41421356237310647,8.0,0.0
618,618.0,10104,10104.0,407.1198410471445,407.1198410471445,4,12,4,20,16,10,1,16.07106781186542,255.0,0.0
619,619.0,10162,10162.0,415.26197667087547,415.26197667087547,4,9,4,20,16,10,1,8.142135623730951,58.0,0.0
620,620.0,10003,10003.0,400.0487732352791,400.0487732352791,4,12,4,20,16,10,1,-15.21320343559637,-159.0,0.0
621,621.0,9955,9955.0,395.4629867976522,395.4629867976522,4,12,4,20,16,10,1,-4.5857864376268935,-48.0,0.0
622,622.0,10595,10595.0,425.634559672906,425.634559672906,3,8,3,19,14,7,1,30.171572875253787,640.0,-1.0
623,623.0,10580,10580.0,424.634559672906,424.634559672906,3,8,3,19,14,7,1,-1.0,-15.0,0.0
624,624.0,10261,10261.0,416.63455967290594,416.63455967290594,3,8,3,17,13,7,1,-8.000000000000057,-319.0,0.0
625,625.0,10105,10105.0,400.29141392239836,400.29141392239836,4,12,4,20,16,10,1,-16.343145750507574,-156.0,1.0
626,626.0,9736,9736.0,374.1492782986674,374.1492782986674,3,8,3,19,14,7,1,-26.14213562373095,-369.0,-1.0
627,627.0,9927,9927.0,383.3919189857867,383.3919189857867,3,8,3,19,14,7,1,9.242640687119263,191.0,0.0
628,628.0,10391,10391.0,409.7056274847714,409.7056274847714,4,12,4,20,16,10,1,26.313708498984738,464.0,1.0
629,629.0,10385,10385.0,409.7056274847714,409.7056274847714,4,12,4,20,16,10,1,0.0,-6.0,0.0
630,630.0,10375,10375.0,412.36248173426384,412.36248173426384,4,11,4,20,16,10,1,2.656854249492426,-10.0,0.0
631,631.0,9655,9655.0,367.9066376115481,367.9066376115481,3,8,3,19,14,7,1,-44.455844122715746,-720.0,-1.0
632,632.0,9783,9783.0,393.97770542341357,393.97770542341357,5,15,5,19,17,11,2,26.071067811865476,128.0,2.0
633,633.0,9551,9551.0,370.0782104868019,370.0782104868019,3,8,3,17,13,7,1,-23.89949493661169,-232.0,-2.0
634,634.0,9805,9805.0,382.7350647362943,382.7350647362943,3,8,3,19,14,7,1,12.656854249492426,254.0,0.0
635,635.0,9805,9805.0,382.7350647362943,382.7350647362943,3,8,3,19,14,7,1,0.0,0.0,0.0
636,636.0,9792,9792.0,402.07821048680194,402.07821048680194,3,8,3,15,12,7,1,19.34314575050763,-13.0,0.0
637,637.0,10044,10044.0,411.66399692442883,411.66399692442883,3,8,3,14,12,7,1,9.585786437626894,252.0,0.0
638,638.0,9731,9731.0,389.63455967290594,389.63455967290594,4,12,4,18,15,10,1,-22.029437251522893,-313.0,1.0
639,639.0,10050,10050.0,404.29141392239836,404.29141392239836,4,12,4,18,15,10,1,14.656854249492426,319.0,0.0
640,640.0,9701,9701.0,384.63455967290594,384.63455967290594,4,12,4,18,15,10,1,-19.656854249492426,-349.0,0.0
641,641.0,9979,9979.0,400.2914139223983,400.2914139223983,4,12,4,20,16,10,1,15.656854249492369,278.0,0.0
642,642.0,10236,10236.0,416.1198410471446,416.1198410471446,4,12,4,20,16,10,1,15.82842712474627,257.0,0.0
643,643.0,10135,10135.0,407.2203461105329,407.2203461105329,4,12,4,17,15,10,1,-8.899494936611688,-101.0,0.0
644,644.0,9895,9895.0,397.4629867976522,397.4629867976522,3,8,3,17,13,7,1,-9.75735931288068,-240.0,-1.0
645,645.0,9764,9764.0,387.3208511739212,387.3208511739212,3,8,3,17,13,7,1,-10.142135623731008,-131.0,0.0
646,646.0,10316,10316.0,412.7350647362943,412.7350647362943,3,8,3,17,13,7,1,25.414213562373106,552.0,0.0
647,647.0,10316,10316.0,412.7350647362943,412.7350647362943,3,8,3,17,13,7,1,0.0,0.0,0.0
648,648.0,10238,10238.0,421.8061325481598,421.8061325481598,4,12,4,18,15,10,1,9.071067811865476,-78.0,1.0
649,649.0,9765,9765.0,377.7350647362943,377.7350647362943,3,8,3,18,14,7,1,-44.071067811865476,-473.0,-1.0
650,650.0,10103,10103.0,397.87720036002526,397.87720036002526,4,11,4,20,16,10,1,20.14213562373095,338.0,1.0
651,651.0,10292,10292.0,405.8772003600253,405.8772003600253,4,12,4,20,16,10,1,8.000000000000057,189.0,0.0
652,652.0,9842,9842.0,382.42135623730957,382.42135623730957,3,8,3,19,14,7,1,-23.455844122715746,-450.0,-1.0
